ts_epoch,ts_iso,mem_total_kb,mem_available_kb,mem_free_kb,swap_total_kb,swap_free_kb,load1,load5,load15,root_avail_kb,data_avail_kb,docker_avail_kb
1784293305,2026-07-17T09:01:45-04:00,263369008,51801152,23366920,0,0,16.02,20.66,30.24,72892388,3689363136,3689363116
1784293307,2026-07-17T09:01:47-04:00,263369008,51504640,23069440,0,0,14.98,20.37,30.10,72892328,3689361056,3689361056
1784293311,2026-07-17T09:01:51-04:00,263369008,51484028,23046960,0,0,14.10,20.10,29.96,72892252,3689358608,3689358608
1784293314,2026-07-17T09:01:54-04:00,263369008,51378652,22938288,0,0,14.10,20.10,29.96,72892156,3689355708,3689355708
1784293317,2026-07-17T09:01:57-04:00,263369008,50813228,22376820,0,0,16.81,20.56,30.05,72892072,3689355692,3689355692
1784293320,2026-07-17T09:02:00-04:00,263369008,50687640,22250876,0,0,16.81,20.56,30.05,72891964,3689355676,3689355676
1784293323,2026-07-17T09:02:03-04:00,263369008,50666456,22229576,0,0,17.07,20.55,30.00,72891880,3689355652,3689355652
1784293326,2026-07-17T09:02:06-04:00,263369008,50794108,22360672,0,0,18.66,20.82,30.04,72891816,3689355640,3689355640
1784293329,2026-07-17T09:02:09-04:00,263369008,50799160,22365892,0,0,18.66,20.82,30.04,72891740,3689355608,3689355608
1784293333,2026-07-17T09:02:13-04:00,263369008,50750672,22317548,0,0,21.01,21.27,30.13,72891680,3689355592,3689355592
1784293336,2026-07-17T09:02:16-04:00,263369008,50750132,22316896,0,0,23.18,21.72,30.23,72891600,3689355580,3689355580
1784293339,2026-07-17T09:02:19-04:00,263369008,50750688,22317156,0,0,23.18,21.72,30.23,72891524,3689355540,3689355540
1784293342,2026-07-17T09:02:22-04:00,263369008,50740624,22306000,0,0,24.60,22.04,30.29,72891472,3689355528,3689355528
1784293345,2026-07-17T09:02:25-04:00,263369008,50719168,22285492,0,0,24.60,22.04,30.29,72891364,3689355508,3689355508
1784293348,2026-07-17T09:02:28-04:00,263369008,50724444,22290656,0,0,25.28,22.22,30.30,72891284,3689355488,3689355488
1784293351,2026-07-17T09:02:31-04:00,263369008,50639848,22205080,0,0,25.57,22.33,30.30,72891232,3689355356,3689355356
1784293354,2026-07-17T09:02:34-04:00,263369008,50652848,22218172,0,0,25.57,22.33,30.30,72891144,3689355312,3689355312
1784293358,2026-07-17T09:02:38-04:00,263369008,50635052,22200268,0,0,26.89,22.66,30.36,72891092,3689355292,3689355292
1784293361,2026-07-17T09:02:41-04:00,263369008,50644248,22209848,0,0,28.02,22.97,30.42,72891012,3689355268,3689355268
1784293364,2026-07-17T09:02:44-04:00,263369008,50633704,22199220,0,0,28.02,22.97,30.42,72890940,3689355252,3689355252
1784293367,2026-07-17T09:02:47-04:00,263369008,50628916,22193748,0,0,29.86,23.43,30.53,72890868,3689355216,3689355216
1784293370,2026-07-17T09:02:50-04:00,263369008,50635308,22200544,0,0,29.86,23.43,30.53,72890800,3689355200,3689355200
1784293373,2026-07-17T09:02:53-04:00,263369008,50610972,22175988,0,0,30.91,23.76,30.59,72890692,3689355184,3689355184
1784293376,2026-07-17T09:02:56-04:00,263369008,50610092,22174488,0,0,31.00,23.89,30.60,72890628,3689355164,3689355164
1784293380,2026-07-17T09:03:00-04:00,263369008,50634452,22199232,0,0,31.00,23.89,30.60,72890560,3689355136,3689355136
1784293383,2026-07-17T09:03:03-04:00,263369008,50614032,22177696,0,0,32.52,24.33,30.71,72890508,3689354888,3689354888
1784293386,2026-07-17T09:03:06-04:00,263369008,50596084,22160292,0,0,33.36,24.64,30.77,72890416,3689354812,3689354812
1784293389,2026-07-17T09:03:09-04:00,263369008,50602596,22166572,0,0,33.36,24.64,30.77,72890336,3689354792,3689354792
1784293392,2026-07-17T09:03:12-04:00,263369008,50612496,22176372,0,0,34.77,25.08,30.88,72890276,3689354776,3689354776
1784293395,2026-07-17T09:03:15-04:00,263369008,50634072,22197824,0,0,36.39,25.57,31.01,72890196,3689354760,3689354760
1784293398,2026-07-17T09:03:18-04:00,263369008,50643952,22207528,0,0,36.39,25.57,31.01,72890120,3689354720,3689354720
1784293402,2026-07-17T09:03:22-04:00,263369008,50646240,22209720,0,0,37.72,26.03,31.13,72890072,3689354712,3689354712
1784293405,2026-07-17T09:03:25-04:00,263369008,50644704,22207816,0,0,37.72,26.03,31.13,72889956,3689354696,3689354696
1784293408,2026-07-17T09:03:28-04:00,263369008,50644208,22207476,0,0,39.19,26.53,31.26,72889912,3689354672,3689354672
1784293411,2026-07-17T09:03:31-04:00,263369008,50652244,22215408,0,0,40.37,26.98,31.39,72889836,3689354652,3689354652
1784293414,2026-07-17T09:03:34-04:00,263369008,50667360,22230416,0,0,40.37,26.98,31.39,72889756,3689354640,3689354640
1784293417,2026-07-17T09:03:37-04:00,263369008,50628392,22191240,0,0,41.79,27.50,31.53,72889688,3689354624,3689354624
1784293420,2026-07-17T09:03:40-04:00,263369008,50641564,22203800,0,0,42.84,27.95,31.66,72889616,3689354596,3689354596
1784293424,2026-07-17T09:03:44-04:00,263369008,50627248,22189852,0,0,42.84,27.95,31.66,72889516,3689354584,3689354584
1784293427,2026-07-17T09:03:47-04:00,263369008,50634064,22195776,0,0,43.74,28.39,31.78,72889440,3689354560,3689354560
1784293430,2026-07-17T09:03:50-04:00,263369008,50640108,22202460,0,0,43.74,28.39,31.78,72889368,3689354536,3689354536
1784293433,2026-07-17T09:03:53-04:00,263369008,50651176,22213396,0,0,44.08,28.71,31.86,72889288,3689354528,3689354528
1784293436,2026-07-17T09:03:56-04:00,263369008,50631456,22193516,0,0,44.71,29.10,31.97,72889208,3689354508,3689354508
1784293439,2026-07-17T09:03:59-04:00,263369008,50632612,22194472,0,0,44.71,29.10,31.97,72889136,3689354480,3689354480
1784293442,2026-07-17T09:04:02-04:00,263369008,50638480,22200708,0,0,45.14,29.45,32.07,72889084,3689354456,3689354456
1784293446,2026-07-17T09:04:06-04:00,263369008,50614556,22185792,0,0,45.69,29.82,32.18,72899360,3689354444,3689354444
1784293449,2026-07-17T09:04:09-04:00,263369008,50613532,22185372,0,0,45.69,29.82,32.18,72899288,3689354420,3689354420
1784293452,2026-07-17T09:04:12-04:00,263369008,50612212,22183968,0,0,46.43,30.24,32.30,72899236,3689354404,3689354404
1784293455,2026-07-17T09:04:15-04:00,263369008,50617560,22189212,0,0,46.43,30.24,32.30,72899156,3689354392,3689354392
1784293458,2026-07-17T09:04:18-04:00,263369008,50630240,22201740,0,0,46.88,30.60,32.41,72899068,3689354352,3689354352
1784293461,2026-07-17T09:04:21-04:00,263369008,50631900,22203296,0,0,47.29,30.96,32.51,72899020,3689354332,3689354332
1784293464,2026-07-17T09:04:24-04:00,263369008,50625812,22197044,0,0,47.29,30.96,32.51,72898916,3689354320,3689354320
1784293468,2026-07-17T09:04:28-04:00,263369008,50632192,22203224,0,0,47.51,31.27,32.61,72898864,3689354312,3689354312
1784293471,2026-07-17T09:04:31-04:00,263369008,50626132,22197044,0,0,47.71,31.58,32.70,72898784,3689354284,3689354284
1784293474,2026-07-17T09:04:34-04:00,263369008,50627288,22198112,0,0,47.71,31.58,32.70,72898704,3689354260,3689354260
1784293477,2026-07-17T09:04:37-04:00,263369008,50629036,22199716,0,0,48.45,32.01,32.83,72898640,3689354244,3689354244
1784293480,2026-07-17T09:04:40-04:00,263369008,50631684,22201764,0,0,48.45,32.01,32.83,72898572,3689354220,3689354220
1784293483,2026-07-17T09:04:43-04:00,263369008,50635696,22206696,0,0,48.58,32.31,32.92,72898496,3689354208,3689354208
1784293486,2026-07-17T09:04:46-04:00,263369008,50646512,22216860,0,0,48.77,32.62,33.02,72898412,3689354176,3689354176
1784293490,2026-07-17T09:04:50-04:00,263369008,50646324,22216528,0,0,48.77,32.62,33.02,72898348,3689354152,3689354152
1784293493,2026-07-17T09:04:53-04:00,263369008,50642472,22212660,0,0,48.87,32.90,33.11,72898288,3689354132,3689354132
1784293496,2026-07-17T09:04:56-04:00,263369008,50614288,22184296,0,0,48.80,33.16,33.19,72898180,3689354112,3689354112
1784293499,2026-07-17T09:04:59-04:00,263369008,50630544,22200436,0,0,48.80,33.16,33.19,72898104,3689354092,3689354092
1784293502,2026-07-17T09:05:02-04:00,263369008,50629692,22199496,0,0,49.06,33.47,33.29,72898060,3689354064,3689354064
1784293505,2026-07-17T09:05:05-04:00,263369008,50619660,22189336,0,0,49.06,33.47,33.29,72897976,3689354052,3689354052
1784293508,2026-07-17T09:05:08-04:00,263369008,50609132,22178664,0,0,49.37,33.79,33.40,72897884,3689354032,3689354032
1784293511,2026-07-17T09:05:11-04:00,263369008,50613272,22182724,0,0,48.38,33.85,33.42,72897836,3689354016,3689354016
1784293515,2026-07-17T09:05:15-04:00,263369008,50626768,22196088,0,0,48.38,33.85,33.42,72897752,3689353996,3689353996
1784293518,2026-07-17T09:05:18-04:00,263369008,50634252,22203416,0,0,48.59,34.13,33.51,72897688,3689353960,3689353960
1784293521,2026-07-17T09:05:21-04:00,263369008,50848460,22421608,0,0,48.94,34.45,33.62,72897616,3689353948,3689353948
1784293524,2026-07-17T09:05:24-04:00,263369008,50821528,22394504,0,0,48.94,34.45,33.62,72897516,3689353932,3689353932
1784293527,2026-07-17T09:05:27-04:00,263369008,50819728,22392600,0,0,49.19,34.74,33.72,72897452,3689353916,3689353916
1784293530,2026-07-17T09:05:30-04:00,263369008,50817392,22390156,0,0,49.49,35.04,33.82,72897380,3689353900,3689353900
1784293533,2026-07-17T09:05:33-04:00,263369008,50775764,22348380,0,0,49.49,35.04,33.82,72897252,3689353872,3689353872
1784293536,2026-07-17T09:05:36-04:00,263369008,50726892,22299260,0,0,49.78,35.34,33.92,72897084,3689353852,3689353852
1784293540,2026-07-17T09:05:40-04:00,263369008,50727228,22299492,0,0,49.78,35.34,33.92,72897004,3689353836,3689353836
1784293543,2026-07-17T09:05:43-04:00,263369008,50734884,22307056,0,0,49.87,35.60,34.02,72896960,3689353824,3689353824
1784293546,2026-07-17T09:05:46-04:00,263369008,50740220,22312236,0,0,49.88,35.84,34.10,72896844,3689353800,3689353800
1784293549,2026-07-17T09:05:49-04:00,263369008,50748448,22320316,0,0,49.88,35.84,34.10,72896776,3689353768,3689353768
1784293552,2026-07-17T09:05:52-04:00,263369008,50750948,22322240,0,0,49.73,36.04,34.18,72896740,3689353756,3689353756
1784293555,2026-07-17T09:05:55-04:00,263369008,50754276,22325948,0,0,50.47,36.42,34.31,72896620,3689353736,3689353736
1784293558,2026-07-17T09:05:58-04:00,263369008,50751436,22322984,0,0,50.47,36.42,34.31,72896540,3689353716,3689353716
1784293562,2026-07-17T09:06:02-04:00,263369008,50743284,22314720,0,0,50.68,36.70,34.41,72896492,3689353676,3689353676
1784293565,2026-07-17T09:06:05-04:00,263369008,50752124,22323444,0,0,50.68,36.70,34.41,72896400,3689353664,3689353664
1784293568,2026-07-17T09:06:08-04:00,263369008,50678328,22249540,0,0,49.34,36.65,34.41,72896332,3689353648,3689353648
1784293571,2026-07-17T09:06:11-04:00,263369008,50682804,22253892,0,0,48.35,36.66,34.42,72896256,3689353624,3689353624
1784293574,2026-07-17T09:06:14-04:00,263369008,50706504,22277484,0,0,48.35,36.66,34.42,72896172,3689353608,3689353608
1784293577,2026-07-17T09:06:17-04:00,263369008,50712508,22283392,0,0,47.20,36.61,34.42,72896112,3689353584,3689353584
1784293580,2026-07-17T09:06:20-04:00,263369008,50721004,22291260,0,0,47.20,36.61,34.42,72896044,3689353560,3689353560
1784293583,2026-07-17T09:06:23-04:00,263369008,50723228,22293840,0,0,46.15,36.57,34.42,72895964,3689353548,3689353548
1784293586,2026-07-17T09:06:26-04:00,263369008,50726108,22297072,0,0,45.25,36.54,34.42,72895880,3689353532,3689353532
1784293589,2026-07-17T09:06:29-04:00,263369008,50726416,22296776,0,0,45.25,36.54,34.42,72895808,3689353504,3689353504
1784293593,2026-07-17T09:06:33-04:00,263369008,50718772,22289028,0,0,44.43,36.52,34.42,72895756,3689353476,3689353476
1784293596,2026-07-17T09:06:36-04:00,263369008,50709176,22279300,0,0,43.20,36.39,34.39,72895672,3689353468,3689353468
1784293599,2026-07-17T09:06:39-04:00,263369008,50682540,22252560,0,0,43.20,36.39,34.39,72895588,3689353444,3689353444
1784293602,2026-07-17T09:06:42-04:00,263369008,50679000,22248420,0,0,42.62,36.39,34.40,72895540,3689353428,3689353428
1784293605,2026-07-17T09:06:45-04:00,263369008,50688368,22258160,0,0,42.62,36.39,34.40,72895436,3689353412,3689353412
1784293608,2026-07-17T09:06:48-04:00,263369008,50695948,22266380,0,0,42.09,36.38,34.41,72895352,3689354184,3689354184
1784293611,2026-07-17T09:06:51-04:00,263369008,50645408,22214000,0,0,40.96,36.24,34.38,72895112,3689354160,3689354160
1784293614,2026-07-17T09:06:54-04:00,263369008,50620060,22189708,0,0,40.96,36.24,34.38,72895008,3689354140,3689354140
1784293617,2026-07-17T09:06:57-04:00,263369008,50618912,22187680,0,0,41.52,36.44,34.45,72894944,3689354120,3689354120
1784293621,2026-07-17T09:07:01-04:00,263369008,50616840,22186284,0,0,42.04,36.63,34.52,72894880,3689354096,3689354096
1784293624,2026-07-17T09:07:04-04:00,263369008,50737180,22310832,0,0,42.04,36.63,34.52,72894800,3689354076,3689354076
1784293627,2026-07-17T09:07:07-04:00,263369008,50668840,22241856,0,0,41.00,36.50,34.49,72894720,3689354060,3689354060
1784293630,2026-07-17T09:07:10-04:00,263369008,50648944,22222364,0,0,41.00,36.50,34.49,72894644,3689354036,3689354036
1784293633,2026-07-17T09:07:13-04:00,263369008,50651712,22225028,0,0,39.80,36.33,34.45,72894572,3689354020,3689354020
1784293636,2026-07-17T09:07:16-04:00,263369008,50644496,22217724,0,0,40.61,36.55,34.53,72894520,3689353988,3689353988
1784293639,2026-07-17T09:07:19-04:00,263369008,50637956,22210976,0,0,40.61,36.55,34.53,72894436,3689353960,3689353960
1784293642,2026-07-17T09:07:22-04:00,263369008,50607680,22180532,0,0,41.05,36.71,34.59,72894384,3689353852,3689353852
1784293645,2026-07-17T09:07:25-04:00,263369008,50587772,22160468,0,0,41.68,36.91,34.67,72894284,3689353832,3689353832
1784293649,2026-07-17T09:07:29-04:00,263369008,50589092,22161656,0,0,41.68,36.91,34.67,72894208,3689353808,3689353808
1784293652,2026-07-17T09:07:32-04:00,263369008,50596248,22168720,0,0,42.03,37.07,34.73,72894160,3689353784,3689353784
1784293655,2026-07-17T09:07:35-04:00,263369008,50584100,22155712,0,0,42.03,37.07,34.73,72894076,3689353768,3689353768
1784293658,2026-07-17T09:07:38-04:00,263369008,50546860,22119100,0,0,42.83,37.31,34.83,72893988,3689353744,3689353744
1784293661,2026-07-17T09:07:41-04:00,263369008,50546644,22118768,0,0,43.48,37.54,34.91,72893932,3689353732,3689353732
1784293664,2026-07-17T09:07:44-04:00,263369008,50725320,22301436,0,0,43.48,37.54,34.91,72893856,3689353712,3689353712
1784293667,2026-07-17T09:07:47-04:00,263369008,50715036,22291004,0,0,44.08,37.76,35.00,72893784,3689353692,3689353692
1784293670,2026-07-17T09:07:50-04:00,263369008,50711896,22287740,0,0,44.48,37.95,35.07,72893700,3689353668,3689353668
1784293673,2026-07-17T09:07:53-04:00,263369008,50713344,22289080,0,0,44.48,37.95,35.07,72893632,3689353656,3689353656
1784293677,2026-07-17T09:07:57-04:00,263369008,50691672,22266772,0,0,44.84,38.14,35.15,72893552,3689353640,3689353640
1784293680,2026-07-17T09:08:00-04:00,263369008,50688860,22264316,0,0,44.84,38.14,35.15,72893472,3689353612,3689353612
1784293683,2026-07-17T09:08:03-04:00,263369008,50698052,22273404,0,0,45.33,38.35,35.24,72893420,3689353592,3689353592
1784293686,2026-07-17T09:08:06-04:00,263369008,50680760,22255984,0,0,45.95,38.59,35.33,72893340,3689353568,3689353568
1784293689,2026-07-17T09:08:09-04:00,263369008,50632392,22207488,0,0,45.95,38.59,35.33,72893256,3689353548,3689353548
1784293692,2026-07-17T09:08:12-04:00,263369008,50639660,22214660,0,0,46.27,38.78,35.41,72893200,3689353532,3689353532
1784293695,2026-07-17T09:08:15-04:00,263369008,50646524,22221412,0,0,46.57,38.97,35.49,72893112,3689353524,3689353524
1784293698,2026-07-17T09:08:18-04:00,263369008,50649608,22224288,0,0,46.57,38.97,35.49,72893032,3689353488,3689353488
1784293702,2026-07-17T09:08:22-04:00,263369008,50655828,22229952,0,0,46.61,39.10,35.55,72892988,3689353472,3689353472
1784293705,2026-07-17T09:08:25-04:00,263369008,50637060,22211292,0,0,46.61,39.10,35.55,72892884,3689353456,3689353456
1784293708,2026-07-17T09:08:28-04:00,263369008,50641132,22215500,0,0,47.12,39.33,35.64,72892828,3689353428,3689353428
1784293711,2026-07-17T09:08:31-04:00,263369008,50641580,22215828,0,0,46.87,39.41,35.69,72892748,3689353408,3689353408
1784293714,2026-07-17T09:08:34-04:00,263369008,50636476,22214596,0,0,46.87,39.41,35.69,72892672,3689353388,3689353388
1784293717,2026-07-17T09:08:37-04:00,263369008,50684368,22259664,0,0,47.44,39.65,35.79,72892600,3689353392,3689353392
1784293720,2026-07-17T09:08:40-04:00,263369008,50669788,22250036,0,0,47.65,39.83,35.86,72892520,3689353364,3689353364
1784293723,2026-07-17T09:08:43-04:00,263369008,50654120,22232188,0,0,47.65,39.83,35.86,72892444,3689353352,3689353352
1784293727,2026-07-17T09:08:47-04:00,263369008,50725400,22311296,0,0,46.95,39.81,35.88,72892368,3689353332,3689353332
1784293730,2026-07-17T09:08:50-04:00,263369008,50705504,22291276,0,0,46.95,39.81,35.88,72892292,3689353300,3689353300
1784293733,2026-07-17T09:08:53-04:00,263369008,50704012,22289656,0,0,47.28,40.00,35.96,72892236,3689353284,3689353284
1784293736,2026-07-17T09:08:56-04:00,263369008,50713168,22298664,0,0,47.82,40.23,36.06,72892124,3689353268,3689353268
1784293739,2026-07-17T09:08:59-04:00,263369008,50711348,22296712,0,0,47.82,40.23,36.06,72892044,3689353240,3689353240
1784293742,2026-07-17T09:09:02-04:00,263369008,50715368,22300644,0,0,48.07,40.41,36.14,72892000,3689353220,3689353220
1784293745,2026-07-17T09:09:05-04:00,263369008,50725752,22295412,0,0,48.31,40.59,36.22,72891876,3689353200,3689353200
1784293749,2026-07-17T09:09:09-04:00,263369008,50664536,22234040,0,0,48.31,40.59,36.22,72891772,3689353176,3689353176
1784293752,2026-07-17T09:09:12-04:00,263369008,50668804,22238228,0,0,48.60,40.78,36.31,72891728,3689353156,3689353156
1784293755,2026-07-17T09:09:15-04:00,263369008,50671772,22241072,0,0,48.60,40.78,36.31,72891648,3689353136,3689353136
1784293758,2026-07-17T09:09:18-04:00,263369008,50742120,22314648,0,0,48.79,40.95,36.39,72891576,3689353100,3689353100
1784293761,2026-07-17T09:09:21-04:00,263369008,50726420,22299052,0,0,47.93,40.90,36.39,72891508,3689353080,3689353080
1784293764,2026-07-17T09:09:24-04:00,263369008,50707108,22280160,0,0,47.93,40.90,36.39,72891428,3689353068,3689353068
1784293767,2026-07-17T09:09:27-04:00,263369008,50731828,22308600,0,0,47.94,41.01,36.46,72891352,3689353048,3689353048
1784293770,2026-07-17T09:09:30-04:00,263369008,50722012,22298420,0,0,48.18,41.18,36.53,72891280,3689353024,3689353024
1784293774,2026-07-17T09:09:34-04:00,263369008,50717936,22294768,0,0,48.18,41.18,36.53,72891200,3689353000,3689353000
1784293777,2026-07-17T09:09:37-04:00,263369008,50711608,22292404,0,0,48.17,41.29,36.60,72891140,3689352992,3689352992
1784293780,2026-07-17T09:09:40-04:00,263369008,50672508,22253172,0,0,48.17,41.29,36.60,72891044,3689352964,3689352964
1784293783,2026-07-17T09:09:43-04:00,263369008,50673260,22253852,0,0,48.55,41.49,36.68,72890976,3689352948,3689352948
1784293786,2026-07-17T09:09:46-04:00,263369008,50665512,22245940,0,0,48.91,41.68,36.77,72890900,3689352924,3689352924
1784293789,2026-07-17T09:09:49-04:00,263369008,50667388,22247168,0,0,48.91,41.68,36.77,72890824,3689352904,3689352904
1784293792,2026-07-17T09:09:52-04:00,263369008,50664580,22244544,0,0,49.64,41.95,36.89,72890776,3689352888,3689352888
1784293795,2026-07-17T09:09:55-04:00,263369008,50663376,22243456,0,0,49.67,42.08,36.96,72890672,3689352872,3689352872
1784293799,2026-07-17T09:09:59-04:00,263369008,50736036,22320068,0,0,49.67,42.08,36.96,72890596,3689352844,3689352844
1784293802,2026-07-17T09:10:02-04:00,263369008,50723964,22307904,0,0,50.26,42.33,37.07,72890544,3689352816,3689352816
1784293805,2026-07-17T09:10:05-04:00,263369008,50713508,22297352,0,0,50.26,42.33,37.07,72890476,3689352804,3689352804
1784293808,2026-07-17T09:10:08-04:00,263369008,50693284,22289024,0,0,50.23,42.46,37.14,72890380,3689352784,3689352784
1784293811,2026-07-17T09:10:11-04:00,263369008,50682952,22279072,0,0,50.30,42.60,37.21,72890324,3689352772,3689352772
1784293814,2026-07-17T09:10:14-04:00,263369008,50673804,22270308,0,0,50.30,42.60,37.21,72890252,3689352760,3689352760
1784293817,2026-07-17T09:10:17-04:00,263369008,50745572,22349620,0,0,50.27,42.73,37.28,72890184,3689352732,3689352732
1784293820,2026-07-17T09:10:20-04:00,263369008,50708244,22312156,0,0,50.25,42.85,37.35,72890100,3689352708,3689352708
1784293824,2026-07-17T09:10:24-04:00,263369008,50703312,22307124,0,0,50.25,42.85,37.35,72890028,3689352692,3689352692
1784293827,2026-07-17T09:10:27-04:00,263369008,50688400,22292552,0,0,50.31,42.98,37.42,72889952,3689352680,3689352680
1784293830,2026-07-17T09:10:30-04:00,263369008,50693648,22297204,0,0,50.31,42.98,37.42,72889876,3689352660,3689352660
1784293833,2026-07-17T09:10:33-04:00,263369008,50690164,22293616,0,0,50.21,43.08,37.48,72889804,3689352632,3689352632
1784293836,2026-07-17T09:10:36-04:00,263369008,50707168,22310500,0,0,50.59,43.28,37.58,72889748,3689352616,3689352616
1784293839,2026-07-17T09:10:39-04:00,263369008,50654876,22258068,0,0,50.59,43.28,37.58,72889652,3689352592,3689352592
1784293842,2026-07-17T09:10:42-04:00,263369008,50663876,22266988,0,0,50.46,43.38,37.64,72889600,3689352576,3689352576
1784293846,2026-07-17T09:10:46-04:00,263369008,50675236,22278196,0,0,50.51,43.50,37.71,72889496,3689352560,3689352560
1784293849,2026-07-17T09:10:49-04:00,263369008,50684880,22287684,0,0,50.51,43.50,37.71,72889424,3689352528,3689352524
1784293852,2026-07-17T09:10:52-04:00,263369008,50689232,22291956,0,0,50.55,43.63,37.78,72889376,3689352512,3689352512
1784293855,2026-07-17T09:10:55-04:00,263369008,50678552,22281108,0,0,50.55,43.63,37.78,72889284,3689352500,3689352500
1784293858,2026-07-17T09:10:58-04:00,263369008,50651004,22253912,0,0,50.74,43.78,37.87,72889156,3689352472,3689352472
1784293861,2026-07-17T09:11:01-04:00,263369008,50656048,22258320,0,0,50.84,43.92,37.94,72889096,3689352448,3689352448
1784293864,2026-07-17T09:11:04-04:00,263369008,50654088,22256012,0,0,50.84,43.92,37.94,72889020,3689352440,3689352440
1784293867,2026-07-17T09:11:07-04:00,263369008,50634016,22236076,0,0,50.78,44.02,38.01,72888960,3689352428,3689352428
1784293871,2026-07-17T09:11:11-04:00,263369008,50622552,22224496,0,0,50.39,44.05,38.05,72888868,3689352396,3689352396
1784293874,2026-07-17T09:11:14-04:00,263369008,50630652,22232468,0,0,50.39,44.05,38.05,72888796,3689352372,3689352372
1784293877,2026-07-17T09:11:17-04:00,263369008,50637772,22239452,0,0,50.60,44.20,38.13,72888736,3689352344,3689352344
1784293880,2026-07-17T09:11:20-04:00,263369008,50633704,22235240,0,0,50.60,44.20,38.13,72888660,3689352308,3689352308
1784293883,2026-07-17T09:11:23-04:00,263369008,50659928,22261400,0,0,50.47,44.28,38.19,72888580,3689352296,3689352296
1784293886,2026-07-17T09:11:26-04:00,263369008,50649992,22251284,0,0,50.52,44.39,38.26,72888496,3689352280,3689352276
1784293889,2026-07-17T09:11:29-04:00,263369008,50649228,22250404,0,0,50.52,44.39,38.26,72888420,3689352256,3689352256
1784293892,2026-07-17T09:11:32-04:00,263369008,50651708,22252788,0,0,50.47,44.49,38.32,72888376,3689352236,3689352236
1784293896,2026-07-17T09:11:36-04:00,263369008,50657320,22260324,0,0,50.76,44.65,38.41,72888304,3689352216,3689352216
1784293899,2026-07-17T09:11:39-04:00,263369008,50576036,22176888,0,0,50.76,44.65,38.41,72888212,3689352192,3689352192
1784293902,2026-07-17T09:11:42-04:00,263369008,50694844,22309904,0,0,51.10,44.82,38.49,72898484,3689352172,3689352172
1784293905,2026-07-17T09:11:45-04:00,263369008,50657272,22271404,0,0,51.10,44.82,38.49,72898340,3689352160,3689352160
1784293908,2026-07-17T09:11:48-04:00,263369008,50612052,22227168,0,0,51.01,44.91,38.56,72898212,3689352776,3689352776
1784293911,2026-07-17T09:11:51-04:00,263369008,50614416,22229652,0,0,49.97,44.79,38.55,72898156,3689352764,3689352764
1784293914,2026-07-17T09:11:54-04:00,263369008,50541976,22157116,0,0,49.97,44.79,38.55,72898088,3689352748,3689352748
1784293917,2026-07-17T09:11:57-04:00,263369008,50540992,22156504,0,0,49.97,44.88,38.61,72898004,3689352732,3689352732
1784293921,2026-07-17T09:12:01-04:00,263369008,50647340,22265824,0,0,50.05,44.98,38.68,72897932,3689352708,3689352708
1784293924,2026-07-17T09:12:04-04:00,263369008,50626316,22245196,0,0,50.05,44.98,38.68,72897860,3689352684,3689352684
1784293927,2026-07-17T09:12:07-04:00,263369008,50602944,22221720,0,0,50.45,45.15,38.77,72897804,3689352672,3689352672
1784293930,2026-07-17T09:12:10-04:00,263369008,50624836,22246820,0,0,50.45,45.15,38.77,72897708,3689352636,3689352636
1784293933,2026-07-17T09:12:13-04:00,263369008,50596944,22219576,0,0,50.09,45.16,38.81,72897628,3689352616,3689352616
1784293936,2026-07-17T09:12:16-04:00,263369008,50586996,22209492,0,0,50.17,45.26,38.87,72897576,3689352584,3689352584
1784293939,2026-07-17T09:12:19-04:00,263369008,50581852,22204208,0,0,50.17,45.26,38.87,72897488,3689352556,3689352556
1784293942,2026-07-17T09:12:22-04:00,263369008,50647736,22274116,0,0,50.07,45.32,38.93,72897444,3689352544,3689352544
1784293946,2026-07-17T09:12:26-04:00,263369008,50604832,22231008,0,0,50.07,45.40,38.99,72897336,3689352528,3689352528
1784293949,2026-07-17T09:12:29-04:00,263369008,50580560,22206268,0,0,50.07,45.40,38.99,72897248,3689352504,3689352504
1784293952,2026-07-17T09:12:32-04:00,263369008,50585860,22211724,0,0,48.94,45.24,38.97,72897192,3689352480,3689352480
1784293955,2026-07-17T09:12:35-04:00,263369008,50585448,22211212,0,0,48.94,45.24,38.97,72897120,3689352468,3689352468
1784293958,2026-07-17T09:12:38-04:00,263369008,50579416,22204312,0,0,48.06,45.12,38.97,72897032,3689352444,3689352444
1784293961,2026-07-17T09:12:41-04:00,263369008,50670428,22300092,0,0,46.70,44.89,38.92,72896968,3689352424,3689352424
1784293964,2026-07-17T09:12:44-04:00,263369008,50644824,22274408,0,0,46.70,44.89,38.92,72896900,3689352408,3689352408
1784293967,2026-07-17T09:12:47-04:00,263369008,50642504,22272444,0,0,46.16,44.81,38.93,72896820,3689352388,3689352388
1784293970,2026-07-17T09:12:50-04:00,263369008,50696652,22331080,0,0,45.91,44.77,38.95,72896744,3689352364,3689352364
1784293974,2026-07-17T09:12:54-04:00,263369008,50671232,22305496,0,0,45.91,44.77,38.95,72896668,3689352348,3689352348
1784293977,2026-07-17T09:12:57-04:00,263369008,50648380,22282528,0,0,46.31,44.88,39.02,72896588,3689352328,3689352328
1784293980,2026-07-17T09:13:00-04:00,263369008,50640480,22274480,0,0,46.31,44.88,39.02,72896512,3689352308,3689352308
1784293983,2026-07-17T09:13:03-04:00,263369008,50635364,22269780,0,0,46.85,45.01,39.09,72896436,3689352284,3689352284
1784293986,2026-07-17T09:13:06-04:00,263369008,50634528,22268440,0,0,47.34,45.15,39.17,72896388,3689352272,3689352272
1784293989,2026-07-17T09:13:09-04:00,263369008,50585552,22218708,0,0,47.34,45.15,39.17,72896300,3689352248,3689352248
1784293992,2026-07-17T09:13:12-04:00,263369008,50671520,22309176,0,0,47.64,45.24,39.23,72896236,3689352236,3689352236
1784293996,2026-07-17T09:13:16-04:00,263369008,50655608,22293128,0,0,48.07,45.37,39.31,72896160,3689352220,3689352220
1784293999,2026-07-17T09:13:19-04:00,263369008,50645552,22282144,0,0,48.07,45.37,39.31,72896072,3689352180,3689352180
1784294002,2026-07-17T09:13:22-04:00,263369008,50691920,22333296,0,0,48.30,45.47,39.37,72896020,3689352164,3689352164
1784294005,2026-07-17T09:13:25-04:00,263369008,50662132,22303180,0,0,48.30,45.47,39.37,72895932,3689352148,3689352148
1784294008,2026-07-17T09:13:28-04:00,263369008,50644220,22284880,0,0,48.60,45.58,39.44,72895840,3689352132,3689352132
1784294011,2026-07-17T09:13:31-04:00,263369008,50686648,22331708,0,0,48.63,45.63,39.49,72895788,3689352108,3689352108
1784294014,2026-07-17T09:13:34-04:00,263369008,50662272,22307292,0,0,48.63,45.63,39.49,72895716,3689352092,3689352092
1784294017,2026-07-17T09:13:37-04:00,263369008,50640888,22285812,0,0,49.22,45.81,39.58,72895660,3689352080,3689352080
1784294021,2026-07-17T09:13:41-04:00,263369008,50580860,22225640,0,0,49.52,45.92,39.65,72895560,3689352040,3689352040
1784294024,2026-07-17T09:13:44-04:00,263369008,50649684,22298472,0,0,49.52,45.92,39.65,72895488,3689352024,3689352024
1784294027,2026-07-17T09:13:47-04:00,263369008,50626944,22275536,0,0,49.24,45.93,39.68,72895416,3689352000,3689352000
1784294030,2026-07-17T09:13:50-04:00,263369008,50615156,22263128,0,0,49.24,45.93,39.68,72895340,3689351980,3689351980
1784294033,2026-07-17T09:13:53-04:00,263369008,50615552,22263932,0,0,49.06,45.94,39.72,72895268,3689351960,3689351960
1784294036,2026-07-17T09:13:56-04:00,263369008,50609160,22257892,0,0,49.22,46.03,39.78,72895196,3689351936,3689351936
1784294039,2026-07-17T09:13:59-04:00,263369008,50617040,22264636,0,0,49.22,46.03,39.78,72895104,3689351908,3689351908
1784294042,2026-07-17T09:14:02-04:00,263369008,50622004,22270004,0,0,48.96,46.03,39.82,72895056,3689351888,3689351888
1784294046,2026-07-17T09:14:06-04:00,263369008,50617044,22264464,0,0,49.20,46.13,39.88,72894984,3689351876,3689351876
1784294049,2026-07-17T09:14:09-04:00,263369008,50604820,22248028,0,0,49.20,46.13,39.88,72894900,3689351856,3689351856
1784294052,2026-07-17T09:14:12-04:00,263369008,50552560,22200240,0,0,49.51,46.24,39.95,72894840,3689351844,3689351844
1784294055,2026-07-17T09:14:15-04:00,263369008,50621796,22274960,0,0,49.51,46.24,39.95,72894752,3689351828,3689351828
1784294058,2026-07-17T09:14:18-04:00,263369008,50601680,22253212,0,0,50.83,46.57,40.09,72894672,3689351788,3689351788
1784294061,2026-07-17T09:14:21-04:00,263369008,50606636,22257548,0,0,50.84,46.64,40.15,72894612,3689351776,3689351776
1784294064,2026-07-17T09:14:24-04:00,263369008,50643372,22298876,0,0,50.84,46.64,40.15,72894544,3689351760,3689351760
1784294067,2026-07-17T09:14:27-04:00,263369008,50612384,22267764,0,0,51.01,46.75,40.22,72894456,3689351744,3689351744
1784294071,2026-07-17T09:14:31-04:00,263369008,50615828,22270344,0,0,51.25,46.87,40.30,72894384,3689351720,3689351720
1784294074,2026-07-17T09:14:34-04:00,263369008,50643368,22302648,0,0,51.25,46.87,40.30,72894308,3689351696,3689351696
1784294077,2026-07-17T09:14:37-04:00,263369008,50633804,22292960,0,0,51.31,46.96,40.36,72894260,3689351680,3689351680
1784294080,2026-07-17T09:14:40-04:00,263369008,50573644,22232188,0,0,51.31,46.96,40.36,72894172,3689351656,3689351656
1784294083,2026-07-17T09:14:43-04:00,263369008,50659124,22320904,0,0,50.09,46.77,40.34,72894084,3689351640,3689351640
1784294086,2026-07-17T09:14:46-04:00,263369008,50635700,22298580,0,0,50.40,46.89,40.41,72894020,3689351620,3689351620
1784294089,2026-07-17T09:14:49-04:00,263369008,50628316,22291072,0,0,50.40,46.89,40.41,72893940,3689351592,3689351592
1784294092,2026-07-17T09:14:52-04:00,263369008,50625016,22287724,0,0,50.45,46.96,40.47,72893880,3689351584,3689351584
1784294096,2026-07-17T09:14:56-04:00,263369008,50615840,22282520,0,0,50.41,47.01,40.52,72893784,3689351560,3689351560
1784294099,2026-07-17T09:14:59-04:00,263369008,50590692,22257244,0,0,50.41,47.01,40.52,72893660,3689351540,3689351540
1784294102,2026-07-17T09:15:02-04:00,263369008,50585804,22251232,0,0,50.30,47.05,40.56,72893612,3689351516,3689351516
1784294105,2026-07-17T09:15:05-04:00,263369008,50628180,22302692,0,0,50.30,47.05,40.56,72893540,3689351504,3689351504
1784294108,2026-07-17T09:15:08-04:00,263369008,50617072,22290944,0,0,50.52,47.14,40.63,72893456,3689351472,3689351472
1784294111,2026-07-17T09:15:11-04:00,263369008,50571212,22245476,0,0,50.64,47.23,40.69,72893388,3689351460,3689351460
1784294114,2026-07-17T09:15:14-04:00,263369008,50640288,22318592,0,0,50.64,47.23,40.69,72893312,3689351440,3689351440
1784294118,2026-07-17T09:15:18-04:00,263369008,50591428,22269580,0,0,50.58,47.27,40.74,72893248,3689351412,3689351412
1784294121,2026-07-17T09:15:21-04:00,263369008,50588804,22266312,0,0,50.62,47.33,40.80,72893176,3689351384,3689351384
1784294124,2026-07-17T09:15:24-04:00,263369008,50633916,22323156,0,0,50.62,47.33,40.80,72893096,3689351368,3689351368
1784294127,2026-07-17T09:15:27-04:00,263369008,50592404,22282456,0,0,49.93,47.25,40.80,72893028,3689351356,3689351356
1784294130,2026-07-17T09:15:30-04:00,263369008,50587488,22277448,0,0,49.93,47.25,40.80,72892948,3689351332,3689351332
1784294133,2026-07-17T09:15:33-04:00,263369008,50584408,22273744,0,0,49.77,47.26,40.84,72892868,3689351308,3689351308
1784294136,2026-07-17T09:15:36-04:00,263369008,50558640,22247828,0,0,49.87,47.32,40.90,72892800,3689351288,3689351288
1784294139,2026-07-17T09:15:39-04:00,263369008,50530480,22219664,0,0,49.87,47.32,40.90,72892576,3689351264,3689351264
1784294143,2026-07-17T09:15:43-04:00,263369008,50526656,22215984,0,0,50.36,47.47,40.98,72892516,3689351252,3689351252
1784294146,2026-07-17T09:15:46-04:00,263369008,50532128,22221320,0,0,50.17,47.47,41.02,72892424,3689351232,3689351232
1784294149,2026-07-17T09:15:49-04:00,263369008,50531212,22220260,0,0,50.17,47.47,41.02,72892344,3689351200,3689351200
1784294152,2026-07-17T09:15:52-04:00,263369008,50533120,22222092,0,0,50.32,47.55,41.08,72892288,3689351180,3689351180
1784294155,2026-07-17T09:15:55-04:00,263369008,50530928,22219132,0,0,50.32,47.55,41.08,72892208,3689351172,3689351172
1784294158,2026-07-17T09:15:58-04:00,263369008,50521632,22210212,0,0,50.85,47.71,41.16,72892108,3689351148,3689351148
1784294161,2026-07-17T09:16:01-04:00,263369008,50515552,22203504,0,0,51.19,47.83,41.24,72892044,3689351124,3689351124
1784294164,2026-07-17T09:16:04-04:00,263369008,50519748,22208100,0,0,51.19,47.83,41.24,72891968,3689351112,3689351112
1784294168,2026-07-17T09:16:08-04:00,263369008,50522320,22210512,0,0,51.25,47.90,41.30,72891936,3689351096,3689351096
1784294171,2026-07-17T09:16:11-04:00,263369008,50488408,22175972,0,0,51.31,47.97,41.35,72891848,3689351064,3689351064
1784294174,2026-07-17T09:16:14-04:00,263369008,50485596,22172940,0,0,51.31,47.97,41.35,72891748,3689351056,3689351056
1784294177,2026-07-17T09:16:17-04:00,263369008,50487140,22174852,0,0,51.37,48.03,41.41,72891696,3689351024,3689351024
1784294180,2026-07-17T09:16:20-04:00,263369008,50608800,22299484,0,0,51.37,48.03,41.41,72891620,3689350992,3689350992
1784294183,2026-07-17T09:16:23-04:00,263369008,50584652,22275780,0,0,51.50,48.12,41.47,72891544,3689350980,3689350980
1784294186,2026-07-17T09:16:26-04:00,263369008,50579120,22274664,0,0,51.86,48.25,41.55,72891464,3689350964,3689350964
1784294189,2026-07-17T09:16:29-04:00,263369008,50574032,22269456,0,0,51.86,48.25,41.55,72891384,3689350940,3689350940
1784294193,2026-07-17T09:16:33-04:00,263369008,50569072,22263892,0,0,51.95,48.33,41.61,72891328,3689350916,3689350916
1784294196,2026-07-17T09:16:36-04:00,263369008,50620372,22319600,0,0,50.03,47.99,41.54,72891264,3689350900,3689350900
1784294199,2026-07-17T09:16:39-04:00,263369008,50597684,22296820,0,0,50.03,47.99,41.54,72891180,3689350868,3689350868
1784294202,2026-07-17T09:16:42-04:00,263369008,50517972,22217480,0,0,50.11,48.04,41.59,72891068,3689350856,3689350856
1784294205,2026-07-17T09:16:45-04:00,263369008,50495580,22194456,0,0,50.11,48.04,41.59,72890924,3689350844,3689350844
1784294208,2026-07-17T09:16:48-04:00,263369008,50572476,22283668,0,0,49.70,47.99,41.61,72890848,3689351520,3689351520
1784294211,2026-07-17T09:16:51-04:00,263369008,50547312,22258876,0,0,49.64,48.00,41.65,72890792,3689351504,3689351504
1784294214,2026-07-17T09:16:54-04:00,263369008,50516604,22228600,0,0,49.64,48.00,41.65,72890720,3689351488,3689351488
1784294218,2026-07-17T09:16:58-04:00,263369008,50490580,22201704,0,0,47.99,47.69,41.58,72890644,3689351472,3689351472
1784294221,2026-07-17T09:17:01-04:00,263369008,50480680,22191680,0,0,47.35,47.56,41.57,72890572,3689351448,3689351448
1784294224,2026-07-17T09:17:04-04:00,263369008,50483484,22194612,0,0,47.35,47.56,41.57,72890484,3689351428,3689351428
1784294227,2026-07-17T09:17:07-04:00,263369008,50480352,22191372,0,0,46.92,47.47,41.58,72890436,3689351412,3689351412
1784294230,2026-07-17T09:17:10-04:00,263369008,50471152,22182064,0,0,46.92,47.47,41.58,72890364,3689351388,3689351388
1784294233,2026-07-17T09:17:13-04:00,263369008,50445256,22156060,0,0,46.93,47.46,41.60,72890268,3689351376,3689351376
1784294236,2026-07-17T09:17:16-04:00,263369008,50477716,22188440,0,0,46.93,47.45,41.63,72890224,3689351332,3689351332
1784294239,2026-07-17T09:17:19-04:00,263369008,50477444,22187952,0,0,46.93,47.45,41.63,72890132,3689351304,3689351304
1784294243,2026-07-17T09:17:23-04:00,263369008,50578648,22292508,0,0,46.06,47.26,41.60,72890080,3689351192,3689351192
1784294246,2026-07-17T09:17:26-04:00,263369008,50543236,22257464,0,0,45.09,47.04,41.56,72889984,3689351176,3689351176
1784294249,2026-07-17T09:17:29-04:00,263369008,50518356,22232440,0,0,45.09,47.04,41.56,72889900,3689351152,3689351152
1784294252,2026-07-17T09:17:32-04:00,263369008,50499320,22213312,0,0,44.04,46.79,41.51,72889852,3689351128,3689351128
1784294255,2026-07-17T09:17:35-04:00,263369008,50506704,22220356,0,0,44.04,46.79,41.51,72889772,3689351112,3689351112
1784294258,2026-07-17T09:17:38-04:00,263369008,50502540,22216332,0,0,43.00,46.53,41.45,72889708,3689351088,3689351088
1784294261,2026-07-17T09:17:41-04:00,263369008,50479148,22186468,0,0,42.76,46.42,41.45,72889640,3689351080,3689351080
1784294264,2026-07-17T09:17:44-04:00,263369008,50469380,22182952,0,0,42.76,46.42,41.45,72889564,3689351064,3689351064
1784294268,2026-07-17T09:17:48-04:00,263369008,50482824,22196248,0,0,42.30,46.26,41.42,72889488,3689351040,3689351040
1784294271,2026-07-17T09:17:51-04:00,263369008,50486436,22199732,0,0,42.91,46.33,41.47,72889404,3689351016,3689351016
1784294274,2026-07-17T09:17:54-04:00,263369008,50590328,22307708,0,0,42.91,46.33,41.47,72889332,3689351004,3689351004
1784294277,2026-07-17T09:17:57-04:00,263369008,50560604,22277844,0,0,43.64,46.42,41.53,72889264,3689350984,3689350984
1784294280,2026-07-17T09:18:00-04:00,263369008,50562968,22280012,0,0,43.64,46.42,41.53,72889176,3689350956,3689350956
1784294283,2026-07-17T09:18:03-04:00,263369008,50571464,22288408,0,0,43.91,46.43,41.56,72889092,3689350932,3689350932
1784294286,2026-07-17T09:18:06-04:00,263369008,50578620,22295436,0,0,44.64,46.54,41.62,72889044,3689350916,3689350916
1784294289,2026-07-17T09:18:09-04:00,263369008,50581492,22297368,0,0,44.64,46.54,41.62,72888956,3689350848,3689350848
1784294293,2026-07-17T09:18:13-04:00,263369008,50534796,22251324,0,0,44.99,46.58,41.66,72888880,3689350828,3689350828
1784294296,2026-07-17T09:18:16-04:00,263369008,50546556,22263452,0,0,45.47,46.65,41.71,72888812,3689350816,3689350816
1784294299,2026-07-17T09:18:19-04:00,263369008,50634152,22354464,0,0,45.47,46.65,41.71,72888732,3689350780,3689350780
1784294302,2026-07-17T09:18:22-04:00,263369008,50606680,22326932,0,0,45.91,46.73,41.76,72888684,3689350760,3689350760
1784294305,2026-07-17T09:18:25-04:00,263369008,50621496,22345308,0,0,45.91,46.73,41.76,72888604,3689350744,3689350744
1784294308,2026-07-17T09:18:28-04:00,263369008,50585156,22308804,0,0,46.08,46.75,41.79,72888500,3689350712,3689350712
1784294311,2026-07-17T09:18:31-04:00,263369008,50582872,22306412,0,0,46.31,46.79,41.83,72888444,3689350688,3689350688
1784294314,2026-07-17T09:18:34-04:00,263369008,50591408,22315360,0,0,46.31,46.79,41.83,72888372,3689350688,3689350688
1784294318,2026-07-17T09:18:38-04:00,263369008,50592112,22315968,0,0,46.93,46.91,41.90,72888316,3689350676,3689350676
1784294321,2026-07-17T09:18:41-04:00,263369008,50592060,22315820,0,0,47.42,47.01,41.96,72888244,3689350656,3689350656
1784294324,2026-07-17T09:18:44-04:00,263369008,50539224,22263356,0,0,47.42,47.01,41.96,72888148,3689350632,3689350632
1784294327,2026-07-17T09:18:47-04:00,263369008,50558356,22281864,0,0,47.78,47.09,42.01,72888080,3689350612,3689350612
1784294330,2026-07-17T09:18:50-04:00,263369008,50631000,22358272,0,0,47.78,47.09,42.01,72888000,3689350588,3689350588
1784294333,2026-07-17T09:18:53-04:00,263369008,50619988,22347316,0,0,48.04,47.16,42.06,72887924,3689350576,3689350576
1784294336,2026-07-17T09:18:56-04:00,263369008,50592252,22319432,0,0,48.20,47.20,42.10,72887852,3689350560,3689350560
1784294339,2026-07-17T09:18:59-04:00,263369008,50625416,22356640,0,0,48.20,47.20,42.10,72887724,3689350532,3689350532
1784294343,2026-07-17T09:19:03-04:00,263369008,50567924,22299028,0,0,46.98,46.97,42.05,72887668,3689350512,3689350512
1784294346,2026-07-17T09:19:06-04:00,263369008,50556772,22287764,0,0,47.30,47.03,42.10,72887600,3689350500,3689350500
1784294349,2026-07-17T09:19:09-04:00,263369008,50562056,22292936,0,0,47.30,47.03,42.10,72887528,3689350472,3689350472
1784294352,2026-07-17T09:19:12-04:00,263369008,50527500,22258296,0,0,47.52,47.08,42.14,72887452,3689350460,3689350460
1784294355,2026-07-17T09:19:15-04:00,263369008,50505016,22235684,0,0,47.52,47.08,42.14,72887368,3689350452,3689350452
1784294358,2026-07-17T09:19:18-04:00,263369008,50514100,22254500,0,0,47.64,47.12,42.18,72897672,3689350412,3689350412
1784294361,2026-07-17T09:19:21-04:00,263369008,50614980,22359876,0,0,47.83,47.16,42.22,72897620,3689350396,3689350396
1784294364,2026-07-17T09:19:24-04:00,263369008,50600388,22347560,0,0,47.83,47.16,42.22,72897540,3689350384,3689350384
1784294368,2026-07-17T09:19:28-04:00,263369008,50593116,22337804,0,0,47.84,47.18,42.25,72897460,3689350364,3689350364
1784294371,2026-07-17T09:19:31-04:00,263369008,50617436,22366096,0,0,48.02,47.23,42.30,72897388,3689350340,3689350340
1784294374,2026-07-17T09:19:34-04:00,263369008,50600740,22349292,0,0,48.02,47.23,42.30,72897304,3689350320,3689350320
1784294377,2026-07-17T09:19:37-04:00,263369008,50589172,22337616,0,0,48.01,47.24,42.33,72897256,3689350300,3689350300
1784294380,2026-07-17T09:19:40-04:00,263369008,50577232,22325568,0,0,48.01,47.24,42.33,72897180,3689350272,3689350272
1784294383,2026-07-17T09:19:43-04:00,263369008,50523428,22271632,0,0,48.49,47.35,42.39,72897088,3689350256,3689350256
1784294386,2026-07-17T09:19:46-04:00,263369008,50526276,22274856,0,0,48.69,47.41,42.44,72897012,3689350236,3689350236
1784294389,2026-07-17T09:19:49-04:00,263369008,50542948,22290396,0,0,48.69,47.41,42.44,72896940,3689350212,3689350212
1784294393,2026-07-17T09:19:53-04:00,263369008,50545620,22293512,0,0,49.28,47.55,42.51,72896884,3689350192,3689350192
1784294396,2026-07-17T09:19:56-04:00,263369008,50549616,22297408,0,0,49.42,47.61,42.55,72896804,3689350176,3689350176
1784294399,2026-07-17T09:19:59-04:00,263369008,50586992,22338892,0,0,49.42,47.61,42.55,72896704,3689350152,3689350152
1784294402,2026-07-17T09:20:02-04:00,263369008,50578568,22330372,0,0,49.54,47.67,42.60,72896652,3689350128,3689350128
1784294405,2026-07-17T09:20:05-04:00,263369008,50575944,22327652,0,0,49.54,47.67,42.60,72896576,3689350104,3689350104
1784294408,2026-07-17T09:20:08-04:00,263369008,50569096,22320948,0,0,50.14,47.82,42.68,72896512,3689350084,3689350084
1784294411,2026-07-17T09:20:11-04:00,263369008,50572080,22323568,0,0,50.21,47.88,42.72,72896456,3689350068,3689350068
1784294414,2026-07-17T09:20:14-04:00,263369008,50509496,22261356,0,0,50.21,47.88,42.72,72896360,3689350056,3689350056
1784294418,2026-07-17T09:20:18-04:00,263369008,50524196,22275364,0,0,51.16,48.11,42.83,72896304,3689350024,3689350024
1784294421,2026-07-17T09:20:21-04:00,263369008,50522460,22273496,0,0,51.14,48.16,42.87,72896224,3689350008,3689350008
1784294424,2026-07-17T09:20:24-04:00,263369008,50537276,22288128,0,0,51.14,48.16,42.87,72896144,3689349992,3689349992
1784294427,2026-07-17T09:20:27-04:00,263369008,50528752,22279496,0,0,49.93,47.96,42.83,72896076,3689349980,3689349980
1784294430,2026-07-17T09:20:30-04:00,263369008,50530532,22281172,0,0,49.93,47.96,42.83,72896000,3689349952,3689349952
1784294433,2026-07-17T09:20:33-04:00,263369008,50601080,22355724,0,0,50.18,48.04,42.89,72895920,3689349928,3689349928
1784294436,2026-07-17T09:20:36-04:00,263369008,50621320,22375812,0,0,50.96,48.24,42.98,72895876,3689349908,3689349908
1784294439,2026-07-17T09:20:39-04:00,263369008,50619760,22373656,0,0,50.96,48.24,42.98,72895792,3689349892,3689349892
1784294443,2026-07-17T09:20:43-04:00,263369008,50592204,22346496,0,0,50.97,48.29,43.02,72895732,3689349876,3689349876
1784294446,2026-07-17T09:20:46-04:00,263369008,50572208,22326256,0,0,50.97,48.33,43.07,72895632,3689349860,3689349860
1784294449,2026-07-17T09:20:49-04:00,263369008,50572776,22326740,0,0,50.97,48.33,43.07,72895560,3689349828,3689349828
1784294452,2026-07-17T09:20:52-04:00,263369008,50572456,22326312,0,0,51.05,48.39,43.12,72895504,3689349812,3689349812
1784294455,2026-07-17T09:20:55-04:00,263369008,50577436,22331164,0,0,51.05,48.39,43.12,72895436,3689349788,3689349788
1784294458,2026-07-17T09:20:58-04:00,263369008,50573080,22326668,0,0,51.05,48.44,43.16,72895336,3689349764,3689349764
1784294461,2026-07-17T09:21:01-04:00,263369008,50571068,22323520,0,0,51.04,48.48,43.20,72895268,3689349748,3689349748
1784294464,2026-07-17T09:21:04-04:00,263369008,50568960,22321828,0,0,51.04,48.48,43.20,72895196,3689349728,3689349728
1784294468,2026-07-17T09:21:08-04:00,263369008,50498616,22251576,0,0,51.12,48.54,43.25,72895096,3689349708,3689349708
1784294471,2026-07-17T09:21:11-04:00,263369008,50487544,22240552,0,0,51.11,48.58,43.29,72895020,3689349676,3689349676
1784294474,2026-07-17T09:21:14-04:00,263369008,50527184,22282228,0,0,51.11,48.58,43.29,72894920,3689348492,3689348492
1784294477,2026-07-17T09:21:17-04:00,263369008,50534880,22290576,0,0,51.02,48.60,43.33,72894868,3689348464,3689348464
1784294480,2026-07-17T09:21:20-04:00,263369008,50538676,22294244,0,0,51.02,48.60,43.33,72894796,3689348440,3689348440
1784294483,2026-07-17T09:21:23-04:00,263369008,50602644,22361772,0,0,51.10,48.66,43.37,72894720,3689348424,3689348424
1784294486,2026-07-17T09:21:26-04:00,263369008,50578804,22338328,0,0,51.25,48.73,43.42,72894632,3689348416,3689348416
1784294490,2026-07-17T09:21:30-04:00,263369008,50585844,22344744,0,0,51.25,48.73,43.42,72894564,3689348388,3689348388
1784294493,2026-07-17T09:21:33-04:00,263369008,50588104,22347404,0,0,51.31,48.79,43.47,72894508,3689348364,3689348364
1784294496,2026-07-17T09:21:36-04:00,263369008,50558720,22317380,0,0,50.49,48.66,43.46,72894388,3689348352,3689348352
1784294499,2026-07-17T09:21:39-04:00,263369008,50531796,22290800,0,0,50.49,48.66,43.46,72894272,3689348324,3689348324
1784294502,2026-07-17T09:21:42-04:00,263369008,50515944,22274276,0,0,49.97,48.58,43.46,72894216,3689348312,3689348312
1784294505,2026-07-17T09:21:45-04:00,263369008,50516268,22279072,0,0,49.97,48.58,43.46,72894100,3689348292,3689348292
1784294508,2026-07-17T09:21:48-04:00,263369008,50511136,22275708,0,0,49.57,48.52,43.47,72894028,3689349952,3689349952
1784294511,2026-07-17T09:21:51-04:00,263369008,50506632,22270836,0,0,49.52,48.53,43.50,72893972,3689349932,3689349932
1784294514,2026-07-17T09:21:54-04:00,263369008,50584132,22352256,0,0,49.52,48.53,43.50,72893896,3689349916,3689349916
1784294518,2026-07-17T09:21:58-04:00,263369008,50546352,22314360,0,0,48.12,48.25,43.44,72893824,3689349904,3689349904
1784294521,2026-07-17T09:22:01-04:00,263369008,50599504,22371484,0,0,48.19,48.27,43.47,72893744,3689349880,3689349880
1784294524,2026-07-17T09:22:04-04:00,263369008,50617664,22393632,0,0,48.19,48.27,43.47,72893676,3689349856,3689349856
1784294527,2026-07-17T09:22:07-04:00,263369008,50584260,22359596,0,0,47.13,48.05,43.42,72893616,3689349836,3689349836
1784294530,2026-07-17T09:22:10-04:00,263369008,50575848,22351588,0,0,47.13,48.05,43.42,72893540,3689349812,3689349812
1784294533,2026-07-17T09:22:13-04:00,263369008,50536884,22312488,0,0,47.36,48.08,43.46,72893448,3689349796,3689349796
1784294536,2026-07-17T09:22:16-04:00,263369008,50576752,22364720,0,0,47.50,48.09,43.49,72893388,3689349776,3689349776
1784294539,2026-07-17T09:22:19-04:00,263369008,50569880,22356964,0,0,47.50,48.09,43.49,72893304,3689349744,3689349744
1784294543,2026-07-17T09:22:23-04:00,263369008,50562324,22350116,0,0,48.02,48.19,43.54,72893248,3689349728,3689349728
1784294546,2026-07-17T09:22:26-04:00,263369008,50542832,22329760,0,0,46.81,47.94,43.49,72893176,3689349712,3689349712
1784294549,2026-07-17T09:22:29-04:00,263369008,50518216,22305744,0,0,46.81,47.94,43.49,72893076,3689349688,3689349688
1784294552,2026-07-17T09:22:32-04:00,263369008,50516816,22303740,0,0,46.27,47.81,43.47,72893016,3689349668,3689349668
1784294555,2026-07-17T09:22:35-04:00,263369008,50518496,22305864,0,0,46.27,47.81,43.47,72892940,3689349652,3689349652
1784294558,2026-07-17T09:22:38-04:00,263369008,50524672,22311872,0,0,46.49,47.83,43.50,72892868,3689349624,3689349624
1784294561,2026-07-17T09:22:41-04:00,263369008,50523076,22310236,0,0,46.61,47.83,43.52,72892812,3689349608,3689349608
1784294564,2026-07-17T09:22:44-04:00,263369008,50452060,22238540,0,0,46.61,47.83,43.52,72892716,3689349588,3689349588
1784294567,2026-07-17T09:22:47-04:00,263369008,50479188,22266048,0,0,46.16,47.72,43.51,72892652,3689349564,3689349564
1784294571,2026-07-17T09:22:51-04:00,263369008,50487972,22274208,0,0,46.47,47.76,43.54,72892580,3689349540,3689349540
1784294574,2026-07-17T09:22:54-04:00,263369008,50495332,22282040,0,0,46.47,47.76,43.54,72892492,3689349532,3689349532
1784294577,2026-07-17T09:22:57-04:00,263369008,50488880,22275936,0,0,46.67,47.78,43.57,72892412,3689349520,3689349520
1784294580,2026-07-17T09:23:00-04:00,263369008,50465912,22251784,0,0,46.67,47.78,43.57,72892292,3689349492,3689349492
1784294583,2026-07-17T09:23:03-04:00,263369008,50469244,22255456,0,0,47.10,47.85,43.62,72892220,3689349464,3689349464
1784294586,2026-07-17T09:23:06-04:00,263369008,50469144,22254756,0,0,47.33,47.88,43.65,72892164,3689349448,3689349448
1784294589,2026-07-17T09:23:09-04:00,263369008,50475044,22261048,0,0,47.33,47.88,43.65,72892092,3689349420,3689349420
1784294592,2026-07-17T09:23:12-04:00,263369008,50467748,22253656,0,0,47.54,47.92,43.69,72892028,3689349404,3689349404
1784294596,2026-07-17T09:23:16-04:00,263369008,50448844,22234616,0,0,47.58,47.92,43.71,72891936,3689349388,3689349388
1784294599,2026-07-17T09:23:19-04:00,263369008,50457632,22242780,0,0,47.58,47.92,43.71,72891856,3689349356,3689349356
1784294602,2026-07-17T09:23:22-04:00,263369008,50470060,22255584,0,0,48.01,48.00,43.76,72891800,3689349336,3689349336
1784294605,2026-07-17T09:23:25-04:00,263369008,50477336,22262684,0,0,48.01,48.00,43.76,72891716,3689349320,3689349320
1784294608,2026-07-17T09:23:28-04:00,263369008,50474364,22259572,0,0,47.85,47.97,43.77,72891616,3689349292,3689349292
1784294611,2026-07-17T09:23:31-04:00,263369008,50478292,22263392,0,0,47.87,47.97,43.80,72891572,3689349268,3689349268
1784294614,2026-07-17T09:23:34-04:00,263369008,50639068,22428160,0,0,47.87,47.97,43.80,72891496,3689349260,3689349260
1784294617,2026-07-17T09:23:37-04:00,263369008,50609652,22398132,0,0,47.96,47.99,43.82,72891428,3689349244,3689349244
1784294621,2026-07-17T09:23:41-04:00,263369008,50601248,22390104,0,0,48.12,48.02,43.86,72891360,3689349216,3689349216
1784294624,2026-07-17T09:23:44-04:00,263369008,50571240,22359992,0,0,48.12,48.02,43.86,72891272,3689349200,3689349200
1784294627,2026-07-17T09:23:47-04:00,263369008,50629448,22422136,0,0,48.35,48.07,43.90,72891192,3689349176,3689349176
1784294630,2026-07-17T09:23:50-04:00,263369008,50612356,22404948,0,0,48.35,48.07,43.90,72891124,3689349152,3689349152
1784294633,2026-07-17T09:23:53-04:00,263369008,50600880,22393052,0,0,48.56,48.12,43.93,72891044,3689349132,3689349132
1784294636,2026-07-17T09:23:56-04:00,263369008,50596540,22388856,0,0,48.76,48.17,43.97,72890992,3689349128,3689349128
1784294639,2026-07-17T09:23:59-04:00,263369008,50580084,22372248,0,0,48.76,48.17,43.97,72890888,3689349100,3689349100
1784294643,2026-07-17T09:24:03-04:00,263369008,50579600,22371676,0,0,49.42,48.32,44.04,72890832,3689349072,3689349072
1784294646,2026-07-17T09:24:06-04:00,263369008,50581808,22373740,0,0,49.79,48.41,44.10,72890752,3689349044,3689349044
1784294649,2026-07-17T09:24:09-04:00,263369008,50585472,22377288,0,0,49.79,48.41,44.10,72890684,3689349028,3689349028
1784294652,2026-07-17T09:24:12-04:00,263369008,50582072,22373804,0,0,49.80,48.44,44.13,72890636,3689349012,3689349012
1784294655,2026-07-17T09:24:15-04:00,263369008,50522724,22320180,0,0,49.80,48.44,44.13,72890536,3689348996,3689348996
1784294658,2026-07-17T09:24:18-04:00,263369008,50534044,22325484,0,0,48.62,48.21,44.08,72890452,3689348952,3689348952
1784294661,2026-07-17T09:24:21-04:00,263369008,50541676,22333024,0,0,48.89,48.28,44.12,72890404,3689348932,3689348932
1784294664,2026-07-17T09:24:24-04:00,263369008,50539780,22331184,0,0,48.89,48.28,44.12,72890328,3689348920,3689348920
1784294668,2026-07-17T09:24:28-04:00,263369008,50529584,22320480,0,0,49.38,48.39,44.18,72890244,3689348904,3689348904
1784294671,2026-07-17T09:24:31-04:00,263369008,50531700,22322748,0,0,49.35,48.40,44.21,72890172,3689348880,3689348880
1784294674,2026-07-17T09:24:34-04:00,263369008,50537596,22328020,0,0,49.35,48.40,44.21,72890096,3689348860,3689348860
1784294677,2026-07-17T09:24:37-04:00,263369008,50532508,22323324,0,0,49.48,48.44,44.24,72890048,3689348840,3689348840
1784294680,2026-07-17T09:24:40-04:00,263369008,50542068,22332784,0,0,49.48,48.44,44.24,72889964,3689348812,3689348812
1784294683,2026-07-17T09:24:43-04:00,263369008,50534592,22325196,0,0,49.76,48.52,44.29,72889884,3689348796,3689348796
1784294686,2026-07-17T09:24:46-04:00,263369008,50484996,22275420,0,0,50.18,48.63,44.35,72889796,3689348772,3689348772
1784294689,2026-07-17T09:24:49-04:00,263369008,50607996,22402508,0,0,50.18,48.63,44.35,72889728,3689348744,3689348744
1784294693,2026-07-17T09:24:53-04:00,263369008,50594312,22388784,0,0,50.65,48.75,44.41,72889676,3689348732,3689348732
1784294696,2026-07-17T09:24:56-04:00,263369008,50585168,22379476,0,0,50.60,48.77,44.44,72889596,3689348712,3689348712
1784294699,2026-07-17T09:24:59-04:00,263369008,50576412,22370588,0,0,50.60,48.77,44.44,72889496,3689348692,3689348692
1784294702,2026-07-17T09:25:02-04:00,263369008,50575896,22369956,0,0,50.63,48.81,44.48,72889452,3689348668,3689348668
1784294705,2026-07-17T09:25:05-04:00,263369008,50581504,22375456,0,0,50.63,48.81,44.48,72889376,3689348652,3689348652
1784294708,2026-07-17T09:25:08-04:00,263369008,50570068,22363908,0,0,50.18,48.74,44.48,72889284,3689348632,3689348632
1784294711,2026-07-17T09:25:11-04:00,263369008,50575072,22368840,0,0,50.24,48.78,44.52,72889240,3689348616,3689348616
1784294714,2026-07-17T09:25:14-04:00,263369008,50544440,22337584,0,0,50.24,48.78,44.52,72889144,3689348604,3689348604
1784294718,2026-07-17T09:25:18-04:00,263369008,50522848,22316376,0,0,50.54,48.87,44.57,72889080,3689348576,3689348576
1784294721,2026-07-17T09:25:21-04:00,263369008,50531056,22324464,0,0,50.50,48.89,44.60,72889012,3689348548,3689348548
1784294724,2026-07-17T09:25:24-04:00,263369008,50529820,22322524,0,0,50.50,48.89,44.60,72888920,3689348532,3689348532
1784294727,2026-07-17T09:25:27-04:00,263369008,50538388,22331460,0,0,50.54,48.92,44.63,72888860,3689348516,3689348516
1784294730,2026-07-17T09:25:30-04:00,263369008,50607804,22404860,0,0,50.54,48.92,44.63,72888772,3689348492,3689348492
1784294733,2026-07-17T09:25:33-04:00,263369008,50604008,22400976,0,0,50.58,48.96,44.66,72888692,3689348468,3689348468
1784294736,2026-07-17T09:25:36-04:00,263369008,50587560,22384396,0,0,50.45,48.96,44.69,72888632,3689348452,3689348452
1784294740,2026-07-17T09:25:40-04:00,263369008,50542812,22338300,0,0,50.45,48.96,44.69,72888544,3689347180,3689347180
1784294743,2026-07-17T09:25:43-04:00,263369008,50544228,22339504,0,0,50.25,48.94,44.71,72888364,3689347168,3689347168
1784294746,2026-07-17T09:25:46-04:00,263369008,50477588,22266596,0,0,50.31,48.98,44.74,72888240,3689347148,3689347148
1784294749,2026-07-17T09:25:49-04:00,263369008,50467528,22262492,0,0,50.31,48.98,44.74,72888164,3689347112,3689347112
1784294752,2026-07-17T09:25:52-04:00,263369008,50472532,22267420,0,0,50.45,49.03,44.78,72888120,3689347096,3689347096
1784294755,2026-07-17T09:25:55-04:00,263369008,50475740,22270488,0,0,50.45,49.03,44.78,72888044,3689347080,3689347080
1784294758,2026-07-17T09:25:58-04:00,263369008,50479452,22273308,0,0,50.65,49.09,44.82,72887944,3689347060,3689347060
1784294761,2026-07-17T09:26:01-04:00,263369008,50477108,22271600,0,0,51.00,49.19,44.88,72887888,3689347036,3689347036
1784294765,2026-07-17T09:26:05-04:00,263369008,50492884,22287268,0,0,51.00,49.19,44.88,72887808,3689347020,3689347020
1784294768,2026-07-17T09:26:08-04:00,263369008,50494064,22287848,0,0,51.00,49.22,44.91,72887756,3689347004,3689347004
1784294771,2026-07-17T09:26:11-04:00,263369008,50489208,22282876,0,0,51.00,49.25,44.94,72887684,3689346976,3689346976
1784294774,2026-07-17T09:26:14-04:00,263369008,50486884,22280932,0,0,51.00,49.25,44.94,72887596,3689346952,3689346952
1784294777,2026-07-17T09:26:17-04:00,263369008,50456208,22249372,0,0,50.84,49.25,44.97,72887516,3689346932,3689346932
1784294780,2026-07-17T09:26:20-04:00,263369008,50585804,22383696,0,0,50.84,49.25,44.97,72887452,3689346900,3689346900
1784294783,2026-07-17T09:26:23-04:00,263369008,50518012,22315344,0,0,50.85,49.28,45.00,72887320,3689346884,3689346884
1784294786,2026-07-17T09:26:26-04:00,263369008,50531292,22328264,0,0,50.39,49.20,45.00,72887264,3689346876,3689346876
1784294790,2026-07-17T09:26:30-04:00,263369008,50477904,22275444,0,0,50.39,49.20,45.00,72887116,3689346848,3689346848
1784294793,2026-07-17T09:26:33-04:00,263369008,50484372,22281832,0,0,48.67,48.87,44.91,72887068,3689346824,3689346824
1784294796,2026-07-17T09:26:36-04:00,263369008,50480300,22277616,0,0,48.38,48.80,44.91,72886988,3689346812,3689346812
1784294799,2026-07-17T09:26:39-04:00,263369008,50474404,22271332,0,0,48.38,48.80,44.91,72886904,3689346796,3689346796
1784294802,2026-07-17T09:26:42-04:00,263369008,50562028,22363236,0,0,47.63,48.64,44.88,72886856,3689346780,3689346780
1784294805,2026-07-17T09:26:45-04:00,263369008,50526024,22327092,0,0,47.63,48.64,44.88,72886748,3689346756,3689346756
1784294808,2026-07-17T09:26:48-04:00,263369008,50520476,22323008,0,0,47.74,48.65,44.90,72886668,3689348624,3689348624
1784294811,2026-07-17T09:26:51-04:00,263369008,50590188,22397556,0,0,46.96,48.47,44.87,72886620,3689348608,3689348608
1784294815,2026-07-17T09:26:55-04:00,263369008,50562504,22369192,0,0,46.96,48.47,44.87,72886544,3689348600,3689348600
1784294818,2026-07-17T09:26:58-04:00,263369008,50536016,22352968,0,0,46.56,48.36,44.85,72896848,3689348580,3689348580
1784294821,2026-07-17T09:27:01-04:00,263369008,50616876,22437556,0,0,44.59,47.92,44.73,72896768,3689348552,3689348552
1784294824,2026-07-17T09:27:04-04:00,263369008,50592376,22413180,0,0,44.59,47.92,44.73,72896688,3689348536,3689348536
1784294827,2026-07-17T09:27:07-04:00,263369008,50561880,22382560,0,0,44.71,47.89,44.74,72896616,3689348512,3689348512
1784294830,2026-07-17T09:27:10-04:00,263369008,50536868,22356932,0,0,44.71,47.89,44.74,72896544,3689348488,3689348488
1784294833,2026-07-17T09:27:13-04:00,263369008,50499876,22319860,0,0,42.17,47.31,44.56,72896460,3689348472,3689348472
1784294836,2026-07-17T09:27:16-04:00,263369008,50458604,22278460,0,0,40.63,46.91,44.45,72896404,3689348448,3689348448
1784294839,2026-07-17T09:27:19-04:00,263369008,50419840,22239512,0,0,40.63,46.91,44.45,72896312,3689348412,3689348412
1784294842,2026-07-17T09:27:22-04:00,263369008,50606824,22430468,0,0,40.02,46.68,44.39,72896260,3689348320,3689348320
1784294846,2026-07-17T09:27:26-04:00,263369008,50568620,22392632,0,0,38.10,46.17,44.23,72896180,3689348296,3689348296
1784294849,2026-07-17T09:27:29-04:00,263369008,50507200,22331084,0,0,38.10,46.17,44.23,72896084,3689348280,3689348280
1784294852,2026-07-17T09:27:32-04:00,263369008,50604548,22432416,0,0,37.69,45.95,44.17,72896032,3689348260,3689348260
1784294855,2026-07-17T09:27:35-04:00,263369008,50567548,22393812,0,0,37.69,45.95,44.17,72895956,3689348244,3689348244
1784294858,2026-07-17T09:27:38-04:00,263369008,50530464,22358104,0,0,37.47,45.77,44.12,72895872,3689348224,3689348224
1784294861,2026-07-17T09:27:41-04:00,263369008,50509328,22336868,0,0,37.27,45.59,44.08,72895824,3689348208,3689348208
1784294864,2026-07-17T09:27:44-04:00,263369008,50507892,22334840,0,0,37.27,45.59,44.08,72895744,3689348192,3689348192
1784294867,2026-07-17T09:27:47-04:00,263369008,50457440,22283708,0,0,37.01,45.40,44.02,72895652,3689348168,3689348164
1784294870,2026-07-17T09:27:50-04:00,263369008,50455968,22283120,0,0,37.01,45.40,44.02,72895420,3689348144,3689348144
1784294873,2026-07-17T09:27:53-04:00,263369008,50598120,22428424,0,0,36.61,45.17,43.96,72895336,3689348128,3689348128
1784294877,2026-07-17T09:27:57-04:00,263369008,50563332,22394244,0,0,36.48,45.00,43.91,72895288,3689348116,3689348116
1784294880,2026-07-17T09:28:00-04:00,263369008,50517708,22348176,0,0,36.48,45.00,43.91,72895188,3689348080,3689348080
1784294883,2026-07-17T09:28:03-04:00,263369008,50602744,22437472,0,0,36.36,44.84,43.86,72895140,3689348056,3689348056
1784294886,2026-07-17T09:28:06-04:00,263369008,50568276,22402860,0,0,36.25,44.67,43.81,72895056,3689348040,3689348040
1784294889,2026-07-17T09:28:09-04:00,263369008,50550852,22385308,0,0,36.25,44.67,43.81,72894972,3689348016,3689348016
1784294892,2026-07-17T09:28:12-04:00,263369008,50559284,22396496,0,0,36.23,44.53,43.77,72894912,3689348004,3689348004
1784294895,2026-07-17T09:28:15-04:00,263369008,50409524,22247608,0,0,36.23,44.53,43.77,72894720,3689347988,3689347988
1784294898,2026-07-17T09:28:18-04:00,263369008,50362576,22200236,0,0,36.13,44.37,43.72,72894624,3689347952,3689347952
1784294901,2026-07-17T09:28:21-04:00,263369008,50368896,22206212,0,0,36.12,44.23,43.68,72894564,3689347928,3689347928
1784294904,2026-07-17T09:28:24-04:00,263369008,50504264,22346080,0,0,36.12,44.23,43.68,72894488,3689347916,3689347916
1784294908,2026-07-17T09:28:28-04:00,263369008,50456488,22298196,0,0,36.11,44.10,43.64,72894408,3689347900,3689347900
1784294911,2026-07-17T09:28:31-04:00,263369008,50447332,22288916,0,0,36.10,43.96,43.60,72894336,3689347872,3689347872
1784294914,2026-07-17T09:28:34-04:00,263369008,50498324,22344008,0,0,36.10,43.96,43.60,72894248,3689347852,3689347852
1784294917,2026-07-17T09:28:37-04:00,263369008,50481744,22327300,0,0,36.18,43.84,43.56,72894204,3689347840,3689347840
1784294920,2026-07-17T09:28:40-04:00,263369008,50467892,22313348,0,0,36.18,43.84,43.56,72894128,3689347808,3689347808
1784294923,2026-07-17T09:28:43-04:00,263369008,50506356,22355372,0,0,36.16,43.71,43.52,72894060,3689347780,3689347780
1784294926,2026-07-17T09:28:46-04:00,263369008,50419696,22268548,0,0,36.63,43.69,43.51,72893972,3689347760,3689347760
1784294929,2026-07-17T09:28:49-04:00,263369008,50405392,22254136,0,0,36.63,43.69,43.51,72893872,3689347728,3689347732
1784294932,2026-07-17T09:28:52-04:00,263369008,50411724,22260816,0,0,36.42,43.52,43.46,72893824,3689347712,3689347712
1784294935,2026-07-17T09:28:55-04:00,263369008,50477724,22330812,0,0,36.42,43.52,43.46,72893756,3689347700,3689347700
1784294939,2026-07-17T09:28:59-04:00,263369008,50436784,22289752,0,0,36.62,43.45,43.44,72893652,3689347676,3689347676
1784294942,2026-07-17T09:29:02-04:00,263369008,50434168,22287012,0,0,36.41,43.29,43.39,72893596,3689347644,3689347644
1784294945,2026-07-17T09:29:05-04:00,263369008,50477340,22334172,0,0,36.41,43.29,43.39,72893524,3689347628,3689347628
1784294948,2026-07-17T09:29:08-04:00,263369008,50465620,22322356,0,0,36.22,43.14,43.34,72893468,3689347608,3689347608
1784294951,2026-07-17T09:29:11-04:00,263369008,50459672,22316300,0,0,36.04,42.99,43.29,72893396,3689347600,3689347600
1784294954,2026-07-17T09:29:14-04:00,263369008,50522328,22382928,0,0,36.04,42.99,43.29,72893304,3689347584,3689347584
1784294957,2026-07-17T09:29:17-04:00,263369008,50484396,22344368,0,0,35.88,42.84,43.24,72893240,3689347552,3689347552
1784294960,2026-07-17T09:29:20-04:00,263369008,50462192,22322540,0,0,35.88,42.84,43.24,72893160,3689347528,3689347528
1784294963,2026-07-17T09:29:23-04:00,263369008,50445312,22305548,0,0,35.65,42.67,43.18,72893096,3689347512,3689347512
1784294966,2026-07-17T09:29:26-04:00,263369008,50441064,22300664,0,0,35.52,42.53,43.13,72893040,3689347500,3689347500
1784294970,2026-07-17T09:29:30-04:00,263369008,50438084,22297564,0,0,35.52,42.53,43.13,72892932,3689347472,3689347472
1784294973,2026-07-17T09:29:33-04:00,263369008,50436472,22295588,0,0,35.39,42.39,43.08,72892868,3689347452,3689347452
1784294976,2026-07-17T09:29:36-04:00,263369008,50520284,22384168,0,0,35.28,42.25,43.03,72892796,3689347432,3689347432
1784294979,2026-07-17T09:29:39-04:00,263369008,50510320,22373976,0,0,35.28,42.25,43.03,72892720,3689347408,3689347408
1784294982,2026-07-17T09:29:42-04:00,263369008,50506864,22370440,0,0,35.10,42.09,42.98,72892672,3689347400,3689347400
1784294985,2026-07-17T09:29:45-04:00,263369008,50560124,22439304,0,0,35.10,42.09,42.98,72892576,3689347384,3689347384
1784294988,2026-07-17T09:29:48-04:00,263369008,50492340,22372132,0,0,35.09,41.98,42.94,72892484,3689347356,3689347356
1784294991,2026-07-17T09:29:51-04:00,263369008,50480872,22360048,0,0,35.16,41.88,42.90,72892436,3689347340,3689347340
1784294994,2026-07-17T09:29:54-04:00,263369008,50460424,22340068,0,0,35.16,41.88,42.90,72892344,3689347324,3689347324
1784294997,2026-07-17T09:29:57-04:00,263369008,50444020,22323052,0,0,35.07,41.75,42.85,72892296,3689347312,3689347312
1784295001,2026-07-17T09:30:01-04:00,263369008,50421460,22300872,0,0,35.31,41.68,42.82,72892192,3689347284,3689347284
1784295004,2026-07-17T09:30:04-04:00,263369008,50417544,22296076,0,0,35.31,41.68,42.82,72892124,3689347264,3689347264
1784295007,2026-07-17T09:30:07-04:00,263369008,50536052,22419320,0,0,35.20,41.55,42.78,72892068,3689347240,3689347240
1784295010,2026-07-17T09:30:10-04:00,263369008,50500224,22383392,0,0,35.20,41.55,42.78,72891984,3689347212,3689347212
1784295013,2026-07-17T09:30:13-04:00,263369008,50488940,22372020,0,0,35.35,41.48,42.74,72891908,3689347200,3689347200
1784295016,2026-07-17T09:30:16-04:00,263369008,50491660,22378648,0,0,34.44,41.19,42.64,72891852,3689347164,3689347164
1784295019,2026-07-17T09:30:19-04:00,263369008,50453824,22340648,0,0,34.44,41.19,42.64,72891748,3689347144,3689347144
1784295022,2026-07-17T09:30:22-04:00,263369008,50445536,22331780,0,0,34.48,41.09,42.60,72891700,3689347128,3689347128
1784295025,2026-07-17T09:30:25-04:00,263369008,50520492,22410120,0,0,34.48,41.09,42.60,72891628,3689347116,3689347116
1784295028,2026-07-17T09:30:28-04:00,263369008,50445884,22336364,0,0,34.28,40.93,42.54,72891528,3689347092,3689347092
1784295032,2026-07-17T09:30:32-04:00,263369008,50435084,22325288,0,0,34.18,40.80,42.49,72891468,3689347056,3689347056
1784295035,2026-07-17T09:30:35-04:00,263369008,50437092,22327196,0,0,34.18,40.80,42.49,72891392,3689347044,3689347044
1784295038,2026-07-17T09:30:38-04:00,263369008,50487144,22381232,0,0,34.25,40.71,42.45,72891336,3689347020,3689347020
1784295041,2026-07-17T09:30:41-04:00,263369008,50462032,22354928,0,0,34.23,40.59,42.41,72891260,3689345936,3689345936
1784295044,2026-07-17T09:30:44-04:00,263369008,50486432,22379252,0,0,34.23,40.59,42.41,72891196,3689345920,3689345920
1784295047,2026-07-17T09:30:47-04:00,263369008,50589784,22489344,0,0,32.93,40.22,42.28,72891084,3689345896,3689345896
