experiment_instance_count,ts_epoch,ts_iso,mem_total_kb,mem_available_kb,mem_free_kb,swap_total_kb,swap_free_kb,load1,load5,load15,root_avail_kb,data_avail_kb,docker_avail_kb
3,1784282625,2026-07-17T06:03:45-04:00,263369008,29607000,2441436,0,0,16.11,7.43,3.88,72918460,3689401920,3689401920
3,1784282627,2026-07-17T06:03:47-04:00,263369008,28539064,1971560,0,0,16.11,7.43,3.88,72918412,3689400552,3689400552
3,1784282630,2026-07-17T06:03:50-04:00,263369008,29576536,2526500,0,0,15.14,7.37,3.88,72918340,3689398276,3689398276
3,1784282633,2026-07-17T06:03:53-04:00,263369008,29654756,2595792,0,0,14.25,7.32,3.88,72918264,3689396256,3689396256
3,1784282636,2026-07-17T06:03:56-04:00,263369008,29413384,2236544,0,0,14.25,7.32,3.88,72918180,3689393808,3689393808
3,1784282640,2026-07-17T06:04:00-04:00,263369008,28175456,3637168,0,0,15.51,7.69,4.02,72918092,3689393780,3689393780
3,1784282643,2026-07-17T06:04:03-04:00,263369008,28160232,3609672,0,0,15.51,7.69,4.02,72918036,3689393752,3689393752
3,1784282646,2026-07-17T06:04:06-04:00,263369008,28052760,3499576,0,0,17.79,8.30,4.23,72917948,3689393744,3689393744
3,1784282649,2026-07-17T06:04:09-04:00,263369008,28143452,3593516,0,0,19.97,8.90,4.45,72917876,3689393716,3689393716
3,1784282652,2026-07-17T06:04:12-04:00,263369008,28126392,3571436,0,0,19.97,8.90,4.45,72917820,3689393704,3689393704
3,1784282655,2026-07-17T06:04:15-04:00,263369008,28101716,3545300,0,0,21.41,9.39,4.63,72917740,3689393688,3689393688
3,1784282659,2026-07-17T06:04:19-04:00,263369008,28100452,3533248,0,0,21.94,9.70,4.76,72917664,3689393648,3689393648
3,1784282662,2026-07-17T06:04:22-04:00,263369008,28179012,3509636,0,0,21.94,9.70,4.76,72917604,3689393636,3689393636
3,1784282665,2026-07-17T06:04:25-04:00,263369008,28157956,3489412,0,0,23.47,10.22,4.96,72917496,3689393620,3689393620
3,1784282668,2026-07-17T06:04:28-04:00,263369008,28154064,3482748,0,0,23.47,10.22,4.96,72917420,3689393604,3689393604
3,1784282671,2026-07-17T06:04:31-04:00,263369008,28153384,3464880,0,0,25.99,10.96,5.22,72917356,3689393576,3689393576
3,1784282674,2026-07-17T06:04:34-04:00,263369008,28128192,3434600,0,0,25.83,11.18,5.33,72917276,3689393556,3689393556
3,1784282677,2026-07-17T06:04:37-04:00,263369008,28097440,3397240,0,0,25.83,11.18,5.33,72917064,3689393404,3689393404
3,1784282681,2026-07-17T06:04:41-04:00,263369008,28226700,3529472,0,0,27.77,11.82,5.57,72916996,3689393380,3689393380
3,1784282684,2026-07-17T06:04:44-04:00,263369008,28205464,3506960,0,0,30.03,12.56,5.84,72916916,3689393364,3689393364
3,1784282687,2026-07-17T06:04:47-04:00,263369008,28194768,3494676,0,0,30.03,12.56,5.84,72916836,3689393328,3689393328
3,1784282690,2026-07-17T06:04:50-04:00,263369008,28185580,3485212,0,0,31.63,13.18,6.07,72916764,3689393308,3689393308
3,1784282693,2026-07-17T06:04:53-04:00,263369008,28167432,3465804,0,0,32.38,13.64,6.26,72916684,3689393284,3689393284
3,1784282696,2026-07-17T06:04:56-04:00,263369008,28161564,3459224,0,0,32.38,13.64,6.26,72916596,3689393268,3689393268
3,1784282699,2026-07-17T06:04:59-04:00,263369008,28167728,3464728,0,0,33.71,14.23,6.49,72916524,3689393248,3689393248
3,1784282702,2026-07-17T06:05:02-04:00,263369008,28160012,3449792,0,0,33.71,14.23,6.49,72916460,3689393224,3689393224
3,1784282706,2026-07-17T06:05:06-04:00,263369008,28146272,3434348,0,0,33.73,14.56,6.64,72916372,3689393216,3689393216
3,1784282709,2026-07-17T06:05:09-04:00,263369008,28150908,3438532,0,0,33.11,14.75,6.74,72916300,3689392908,3689392908
3,1784282712,2026-07-17T06:05:12-04:00,263369008,28236264,3527372,0,0,33.11,14.75,6.74,72916248,3689392892,3689392892
3,1784282715,2026-07-17T06:05:15-04:00,263369008,28219380,3506204,0,0,35.03,15.45,7.01,72916156,3689392880,3689392880
3,1784282718,2026-07-17T06:05:18-04:00,263369008,28206940,3493128,0,0,36.31,16.04,7.25,72916080,3689392844,3689392844
3,1784282721,2026-07-17T06:05:21-04:00,263369008,28201500,3485000,0,0,36.31,16.04,7.25,72916032,3689392832,3689392832
3,1784282724,2026-07-17T06:05:24-04:00,263369008,28204100,3487548,0,0,37.64,16.65,7.50,72915952,3689392816,3689392816
3,1784282728,2026-07-17T06:05:28-04:00,263369008,28194180,3477256,0,0,37.64,16.65,7.50,72915860,3689392804,3689392804
3,1784282731,2026-07-17T06:05:31-04:00,263369008,28158156,3440780,0,0,38.87,17.26,7.74,72915756,3689392772,3689392772
3,1784282734,2026-07-17T06:05:34-04:00,263369008,28155356,3427224,0,0,40.01,17.85,7.98,72915652,3689392756,3689392756
3,1784282737,2026-07-17T06:05:37-04:00,263369008,28146100,3417824,0,0,40.01,17.85,7.98,72915576,3689392740,3689392740
3,1784282740,2026-07-17T06:05:40-04:00,263369008,28239652,3514452,0,0,41.61,18.55,8.26,72915500,3689392712,3689392712
3,1784282743,2026-07-17T06:05:43-04:00,263369008,28222320,3497224,0,0,42.44,19.11,8.50,72915432,3689392696,3689392696
3,1784282746,2026-07-17T06:05:46-04:00,263369008,28223320,3497040,0,0,42.44,19.11,8.50,72915352,3689392680,3689392680
3,1784282750,2026-07-17T06:05:50-04:00,263369008,28224304,3497224,0,0,43.29,19.67,8.74,72915272,3689392652,3689392652
3,1784282753,2026-07-17T06:05:53-04:00,263369008,28210532,3483656,0,0,43.29,19.67,8.74,72915220,3689392640,3689392640
3,1784282756,2026-07-17T06:05:56-04:00,263369008,28196604,3469060,0,0,44.06,20.22,8.98,72915116,3689392624,3689392624
3,1784282759,2026-07-17T06:05:59-04:00,263369008,28201252,3473824,0,0,44.70,20.75,9.21,72915036,3689392600,3689392600
3,1784282762,2026-07-17T06:06:02-04:00,263369008,28184872,3457076,0,0,44.70,20.75,9.21,72914976,3689392576,3689392576
3,1784282765,2026-07-17T06:06:05-04:00,263369008,28169756,3440676,0,0,45.20,21.25,9.43,72914880,3689392560,3689392560
3,1784282768,2026-07-17T06:06:08-04:00,263369008,28177428,3448644,0,0,45.83,21.78,9.67,72914808,3689392532,3689392532
3,1784282772,2026-07-17T06:06:12-04:00,263369008,28267612,3542668,0,0,45.83,21.78,9.67,72914760,3689392508,3689392508
3,1784282775,2026-07-17T06:06:15-04:00,263369008,28248512,3523368,0,0,46.32,22.28,9.89,72914688,3689392496,3689392496
3,1784282778,2026-07-17T06:06:18-04:00,263369008,28232384,3506756,0,0,46.32,22.28,9.89,72914604,3689392456,3689392456
3,1784282781,2026-07-17T06:06:21-04:00,263369008,28229696,3503360,0,0,46.78,22.78,10.12,72914544,3689392448,3689392448
3,1784282784,2026-07-17T06:06:24-04:00,263369008,28218524,3492384,0,0,47.36,23.29,10.36,72914468,3689392432,3689392432
3,1784282787,2026-07-17T06:06:27-04:00,263369008,28203356,3475464,0,0,47.36,23.29,10.36,72914384,3689392416,3689392416
3,1784282790,2026-07-17T06:06:30-04:00,263369008,28187536,3459520,0,0,47.65,23.75,10.58,72914300,3689392396,3689392396
3,1784282794,2026-07-17T06:06:34-04:00,263369008,28183468,3455848,0,0,48.24,24.27,10.81,72914220,3689392372,3689392372
3,1784282797,2026-07-17T06:06:37-04:00,263369008,28162956,3434988,0,0,48.24,24.27,10.81,72914152,3689392352,3689392352
3,1784282800,2026-07-17T06:06:40-04:00,263369008,28164844,3436768,0,0,48.38,24.70,11.03,72914084,3689392336,3689392336
3,1784282803,2026-07-17T06:06:43-04:00,263369008,28257432,3533372,0,0,48.38,24.70,11.03,72914012,3689392320,3689392320
3,1784282806,2026-07-17T06:06:46-04:00,263369008,28237012,3511188,0,0,49.63,25.35,11.31,72913924,3689392908,3689392908
3,1784282809,2026-07-17T06:06:49-04:00,263369008,28235120,3509032,0,0,50.06,25.85,11.54,72913856,3689392876,3689392876
3,1784282813,2026-07-17T06:06:53-04:00,263369008,28218120,3491916,0,0,50.06,25.85,11.54,72913804,3689392864,3689392864
3,1784282816,2026-07-17T06:06:56-04:00,263369008,28204384,3478060,0,0,50.38,26.31,11.77,72913692,3689392844,3689392844
3,1784282819,2026-07-17T06:06:59-04:00,263369008,28207572,3481088,0,0,50.43,26.72,11.98,72913612,3689392816,3689392816
3,1784282822,2026-07-17T06:07:02-04:00,263369008,28188744,3461976,0,0,50.43,26.72,11.98,72913556,3689392792,3689392792
3,1784282825,2026-07-17T06:07:05-04:00,263369008,28173044,3443104,0,0,51.03,27.24,12.23,72913476,3689392768,3689392768
3,1784282828,2026-07-17T06:07:08-04:00,263369008,28201716,3471468,0,0,51.03,27.64,12.44,72913396,3689392740,3689392740
3,1784282831,2026-07-17T06:07:11-04:00,263369008,28202396,3472028,0,0,51.03,27.64,12.44,72913336,3689392724,3689392724
3,1784282835,2026-07-17T06:07:15-04:00,263369008,28278568,3551156,0,0,51.27,28.08,12.66,72913264,3689392716,3689392716
3,1784282838,2026-07-17T06:07:18-04:00,263369008,28261132,3530800,0,0,51.27,28.08,12.66,72913192,3689392652,3689392664
3,1784282841,2026-07-17T06:07:21-04:00,263369008,28257192,3524780,0,0,51.33,28.47,12.88,72913116,3689392632,3689392632
3,1784282844,2026-07-17T06:07:24-04:00,263369008,28246876,3511760,0,0,51.46,28.88,13.09,72913036,3689392536,3689392536
3,1784282847,2026-07-17T06:07:27-04:00,263369008,28221372,3483520,0,0,51.46,28.88,13.09,72912948,3689392524,3689392524
3,1784282850,2026-07-17T06:07:30-04:00,263369008,28222256,3483508,0,0,51.75,29.31,13.32,72912888,3689392504,3689392504
3,1784282853,2026-07-17T06:07:33-04:00,263369008,28200232,3461108,0,0,51.93,29.72,13.54,72912792,3689392480,3689392480
3,1784282857,2026-07-17T06:07:37-04:00,263369008,28190904,3451764,0,0,51.93,29.72,13.54,72912728,3689392468,3689392468
3,1784282860,2026-07-17T06:07:40-04:00,263369008,28182872,3443364,0,0,52.09,30.13,13.75,72912656,3689392432,3689392432
3,1784282863,2026-07-17T06:07:43-04:00,263369008,28180832,3440724,0,0,52.09,30.13,13.75,72912616,3689392412,3689392412
3,1784282866,2026-07-17T06:07:46-04:00,263369008,28251900,3516188,0,0,52.08,30.49,13.96,72912504,3689392400,3689392400
3,1784282869,2026-07-17T06:07:49-04:00,263369008,28263100,3527176,0,0,52.00,30.83,14.16,72912436,3689392368,3689392368
3,1784282872,2026-07-17T06:07:52-04:00,263369008,28248688,3512268,0,0,52.00,30.83,14.16,72912372,3689392352,3689392352
3,1784282875,2026-07-17T06:07:55-04:00,263369008,28220268,3483328,0,0,50.64,30.90,14.27,72912256,3689392340,3689392340
3,1784282879,2026-07-17T06:07:59-04:00,263369008,28208260,3470436,0,0,49.54,31.00,14.39,72912168,3689392316,3689392316
3,1784282882,2026-07-17T06:08:02-04:00,263369008,28190520,3452596,0,0,49.54,31.00,14.39,72912116,3689392300,3689392300
3,1784282885,2026-07-17T06:08:05-04:00,263369008,28179840,3441800,0,0,48.38,31.07,14.50,72912036,3689392276,3689392276
3,1784282888,2026-07-17T06:08:08-04:00,263369008,28189848,3451672,0,0,48.38,31.07,14.50,72911968,3689392252,3689392252
3,1784282891,2026-07-17T06:08:11-04:00,263369008,28188964,3450192,0,0,47.31,31.13,14.61,72911904,3689392240,3689392240
3,1784282894,2026-07-17T06:08:14-04:00,263369008,28189724,3450988,0,0,46.48,31.23,14.73,72911816,3689392224,3689392224
3,1784282897,2026-07-17T06:08:17-04:00,263369008,28195456,3460736,0,0,46.48,31.23,14.73,72911748,3689392188,3689392188
3,1784282900,2026-07-17T06:08:20-04:00,263369008,28192184,3457252,0,0,45.48,31.28,14.84,72911680,3689392164,3689392164
3,1784282903,2026-07-17T06:08:23-04:00,263369008,28178800,3442940,0,0,44.72,31.36,14.95,72911600,3689392148,3689392148
3,1784282906,2026-07-17T06:08:26-04:00,263369008,28169428,3434104,0,0,44.72,31.36,14.95,72911512,3689392128,3689392128
3,1784282910,2026-07-17T06:08:30-04:00,263369008,28173356,3437740,0,0,43.86,31.40,15.05,72911436,3689392104,3689392104
3,1784282913,2026-07-17T06:08:33-04:00,263369008,28182380,3446576,0,0,43.86,31.40,15.05,72911372,3689392084,3689392084
3,1784282916,2026-07-17T06:08:36-04:00,263369008,28173064,3436944,0,0,43.23,31.48,15.17,72911292,3689392072,3689392072
3,1784282919,2026-07-17T06:08:39-04:00,263369008,28169880,3433604,0,0,42.65,31.55,15.28,72911208,3689392044,3689392044
3,1784282922,2026-07-17T06:08:42-04:00,263369008,28168868,3431996,0,0,42.65,31.55,15.28,72911148,3689392028,3689392028
3,1784282925,2026-07-17T06:08:45-04:00,263369008,28104416,3367868,0,0,43.24,31.86,15.47,72910988,3689392012,3689392012
3,1784282928,2026-07-17T06:08:48-04:00,263369008,28157752,3424992,0,0,42.66,31.93,15.58,72910900,3689391972,3689391972
3,1784282931,2026-07-17T06:08:51-04:00,263369008,28148544,3415404,0,0,42.66,31.93,15.58,72910848,3689391964,3689391964
3,1784282934,2026-07-17T06:08:54-04:00,263369008,28128896,3396204,0,0,42.61,32.10,15.72,72910776,3689391952,3689391952
3,1784282938,2026-07-17T06:08:58-04:00,263369008,28110004,3377132,0,0,42.61,32.10,15.72,72910684,3689391932,3689391932
3,1784282941,2026-07-17T06:09:01-04:00,263369008,28103432,3370460,0,0,42.56,32.26,15.86,72910612,3689391900,3689391900
3,1784282944,2026-07-17T06:09:04-04:00,263369008,28092828,3359688,0,0,43.08,32.54,16.04,72910532,3689391880,3689391880
3,1784282947,2026-07-17T06:09:07-04:00,263369008,28082948,3349644,0,0,43.08,32.54,16.04,72910460,3689391868,3689391868
3,1784282950,2026-07-17T06:09:10-04:00,263369008,28086912,3352644,0,0,44.35,32.98,16.27,72910384,3689391840,3689391840
3,1784282953,2026-07-17T06:09:13-04:00,263369008,28086972,3353116,0,0,44.24,33.14,16.41,72910308,3689391832,3689391832
3,1784282957,2026-07-17T06:09:17-04:00,263369008,28087328,3353308,0,0,44.24,33.14,16.41,72910240,3689391808,3689391808
3,1784282960,2026-07-17T06:09:20-04:00,263369008,28087412,3356280,0,0,45.02,33.49,16.62,72910168,3689391772,3689391772
3,1784282963,2026-07-17T06:09:23-04:00,263369008,28075356,3344860,0,0,45.02,33.49,16.62,72910116,3689391756,3689391756
3,1784282966,2026-07-17T06:09:26-04:00,263369008,28069940,3338904,0,0,44.38,33.55,16.72,72910024,3689391740,3689391740
3,1784282969,2026-07-17T06:09:29-04:00,263369008,28062600,3331680,0,0,43.95,33.64,16.85,72909936,3689391716,3689391716
3,1784282972,2026-07-17T06:09:32-04:00,263369008,28057112,3326584,0,0,43.95,33.64,16.85,72909872,3689391688,3689391688
3,1784282975,2026-07-17T06:09:35-04:00,263369008,28058604,3327380,0,0,43.39,33.70,16.95,72909796,3689391680,3689391680
3,1784282979,2026-07-17T06:09:39-04:00,263369008,28053180,3321672,0,0,43.84,33.95,17.13,72909700,3689391660,3689391660
3,1784282982,2026-07-17T06:09:42-04:00,263369008,28053008,3321436,0,0,43.84,33.95,17.13,72909656,3689391644,3689391644
3,1784282985,2026-07-17T06:09:45-04:00,263369008,28070564,3338820,0,0,44.42,34.23,17.31,72909564,3689391628,3689391628
3,1784282988,2026-07-17T06:09:48-04:00,263369008,28233312,3504808,0,0,44.42,34.23,17.31,72909488,3689391592,3689391592
3,1784282991,2026-07-17T06:09:51-04:00,263369008,28210380,3479940,0,0,44.62,34.45,17.47,72909436,3689391580,3689391580
3,1784282994,2026-07-17T06:09:54-04:00,263369008,28190388,3459704,0,0,44.97,34.69,17.64,72909360,3689391552,3689391552
3,1784282997,2026-07-17T06:09:57-04:00,263369008,28169436,3439104,0,0,44.97,34.69,17.64,72909260,3689391540,3689391540
3,1784283000,2026-07-17T06:10:00-04:00,263369008,28168676,3438196,0,0,45.62,34.99,17.83,72909192,3689391520,3689391520
3,1784283004,2026-07-17T06:10:04-04:00,263369008,28143984,3413916,0,0,44.69,34.98,17.91,72909108,3689391504,3689391504
3,1784283007,2026-07-17T06:10:07-04:00,263369008,28137740,3407036,0,0,44.69,34.98,17.91,72909056,3689391492,3689391492
3,1784283010,2026-07-17T06:10:10-04:00,263369008,28128996,3398064,0,0,45.75,35.36,18.13,72908968,3689391468,3689391468
3,1784283013,2026-07-17T06:10:13-04:00,263369008,28127448,3396428,0,0,45.75,35.36,18.13,72908900,3689391448,3689391448
3,1784283016,2026-07-17T06:10:16-04:00,263369008,28131208,3399968,0,0,46.49,35.68,18.33,72908844,3689391420,3689391420
3,1784283019,2026-07-17T06:10:19-04:00,263369008,28234216,3507056,0,0,47.26,36.02,18.53,72908748,3689391404,3689391404
3,1784283022,2026-07-17T06:10:22-04:00,263369008,28210432,3481768,0,0,47.26,36.02,18.53,72908708,3689391392,3689391392
3,1784283026,2026-07-17T06:10:26-04:00,263369008,28174008,3445052,0,0,47.64,36.29,18.71,72908592,3689391372,3689391372
3,1784283029,2026-07-17T06:10:29-04:00,263369008,28170980,3441824,0,0,48.31,36.62,18.91,72908512,3689391344,3689391344
3,1784283032,2026-07-17T06:10:32-04:00,263369008,28177848,3448572,0,0,48.31,36.62,18.91,72908452,3689391316,3689391316
3,1784283035,2026-07-17T06:10:35-04:00,263369008,28143664,3414284,0,0,48.68,36.89,19.09,72908368,3689391304,3689391304
3,1784283038,2026-07-17T06:10:38-04:00,263369008,28125204,3395696,0,0,49.11,37.17,19.28,72908276,3689391280,3689391280
3,1784283041,2026-07-17T06:10:41-04:00,263369008,28127616,3397976,0,0,49.11,37.17,19.28,72908228,3689391264,3689391264
3,1784283045,2026-07-17T06:10:45-04:00,263369008,28150380,3420620,0,0,49.26,37.40,19.45,72908144,3689391252,3689391252
3,1784283048,2026-07-17T06:10:48-04:00,263369008,28152856,3422444,0,0,49.26,37.40,19.45,72908076,3689391228,3689391228
3,1784283051,2026-07-17T06:10:51-04:00,263369008,28255688,3529772,0,0,49.40,37.63,19.62,72908008,3689391204,3689391204
3,1784283054,2026-07-17T06:10:54-04:00,263369008,28212248,3485656,0,0,49.61,37.87,19.80,72907924,3689391184,3689391184
3,1784283057,2026-07-17T06:10:57-04:00,263369008,28191680,3465388,0,0,49.61,37.87,19.80,72907852,3689391172,3689391172
3,1784283060,2026-07-17T06:11:00-04:00,263369008,28193088,3462828,0,0,50.28,38.20,20.00,72907752,3689391144,3689391144
3,1784283063,2026-07-17T06:11:03-04:00,263369008,28165940,3435392,0,0,50.66,38.48,20.19,72907672,3689391124,3689391124
3,1784283067,2026-07-17T06:11:07-04:00,263369008,28162552,3431404,0,0,50.66,38.48,20.19,72907628,3689391112,3689391112
3,1784283070,2026-07-17T06:11:10-04:00,263369008,28154408,3423632,0,0,50.77,38.71,20.36,72917932,3689391084,3689391084
3,1784283073,2026-07-17T06:11:13-04:00,263369008,28160172,3429304,0,0,50.77,38.71,20.36,72917880,3689391068,3689391068
3,1784283076,2026-07-17T06:11:16-04:00,263369008,28168712,3437184,0,0,50.70,38.89,20.52,72917800,3689391044,3689391044
3,1784283079,2026-07-17T06:11:19-04:00,263369008,28166008,3434832,0,0,50.57,39.06,20.67,72917716,3689391016,3689391016
3,1784283082,2026-07-17T06:11:22-04:00,263369008,28233656,3505916,0,0,50.57,39.06,20.67,72917660,3689391000,3689391000
3,1784283085,2026-07-17T06:11:25-04:00,263369008,28205192,3477820,0,0,49.72,39.08,20.78,72917576,3689390984,3689390984
3,1784283089,2026-07-17T06:11:29-04:00,263369008,28195000,3466896,0,0,50.30,39.37,20.97,72917460,3689390956,3689390952
3,1784283092,2026-07-17T06:11:32-04:00,263369008,28197864,3470132,0,0,50.30,39.37,20.97,72917416,3689390932,3689390932
3,1784283095,2026-07-17T06:11:35-04:00,263369008,28164152,3436304,0,0,50.44,39.58,21.14,72917336,3689390920,3689390920
3,1784283098,2026-07-17T06:11:38-04:00,263369008,28151808,3423812,0,0,50.44,39.58,21.14,72917244,3689390900,3689390900
3,1784283101,2026-07-17T06:11:41-04:00,263369008,28153228,3425608,0,0,50.65,39.81,21.31,72917196,3689390884,3689390884
3,1784283104,2026-07-17T06:11:44-04:00,263369008,28159756,3431676,0,0,50.67,39.99,21.47,72917124,3689390868,3689390868
3,1784283108,2026-07-17T06:11:48-04:00,263369008,28164420,3436008,0,0,50.67,39.99,21.47,72917056,3689391388,3689391388
3,1784283111,2026-07-17T06:11:51-04:00,263369008,28162212,3433504,0,0,50.62,40.16,21.62,72916968,3689391368,3689391368
3,1784283114,2026-07-17T06:11:54-04:00,263369008,28217712,3492520,0,0,50.73,40.36,21.79,72916892,3689391356,3689391356
3,1784283117,2026-07-17T06:11:57-04:00,263369008,28196704,3471372,0,0,50.73,40.36,21.79,72916820,3689391340,3689391340
3,1784283120,2026-07-17T06:12:00-04:00,263369008,28191844,3466904,0,0,51.31,40.65,21.98,72916732,3689391312,3689391312
3,1784283123,2026-07-17T06:12:03-04:00,263369008,28195320,3470248,0,0,51.29,40.82,22.14,72916660,3689391288,3689391288
3,1784283126,2026-07-17T06:12:06-04:00,263369008,28171004,3445820,0,0,51.29,40.82,22.14,72916600,3689391272,3689391272
3,1784283130,2026-07-17T06:12:10-04:00,263369008,28159384,3434036,0,0,51.10,40.96,22.28,72916500,3689391244,3689391244
3,1784283133,2026-07-17T06:12:13-04:00,263369008,28163008,3437064,0,0,51.10,40.96,22.28,72916452,3689391236,3689391236
3,1784283136,2026-07-17T06:12:16-04:00,263369008,28168908,3443372,0,0,51.10,41.13,22.44,72916380,3689391200,3689391200
3,1784283139,2026-07-17T06:12:19-04:00,263369008,28162544,3436316,0,0,51.49,41.37,22.62,72916288,3689391168,3689391168
3,1784283142,2026-07-17T06:12:22-04:00,263369008,28156260,3430496,0,0,51.49,41.37,22.62,72916240,3689391156,3689391156
3,1784283145,2026-07-17T06:12:25-04:00,263369008,28216344,3493780,0,0,51.69,41.58,22.79,72916164,3689391068,3689391068
3,1784283148,2026-07-17T06:12:28-04:00,263369008,28188764,3459364,0,0,51.95,41.81,22.96,72916048,3689391100,3689391100
3,1784283152,2026-07-17T06:12:32-04:00,263369008,28196408,3466780,0,0,51.95,41.81,22.96,72915996,3689391076,3689391076
3,1784283155,2026-07-17T06:12:35-04:00,263369008,28168364,3439056,0,0,52.12,42.01,23.13,72915912,3689391064,3689391064
3,1784283158,2026-07-17T06:12:38-04:00,263369008,28152376,3422452,0,0,52.12,42.01,23.13,72915840,3689391036,3689391036
3,1784283161,2026-07-17T06:12:41-04:00,263369008,28149464,3419264,0,0,52.27,42.21,23.29,72915764,3689391024,3689391024
3,1784283164,2026-07-17T06:12:44-04:00,263369008,28133864,3403988,0,0,51.69,42.25,23.41,72915688,3689391000,3689391000
3,1784283167,2026-07-17T06:12:47-04:00,263369008,28149392,3419136,0,0,51.69,42.25,23.41,72915604,3689390976,3689390976
3,1784283170,2026-07-17T06:12:50-04:00,263369008,28130832,3400656,0,0,50.27,42.12,23.47,72915524,3689390952,3689390952
3,1784283173,2026-07-17T06:12:53-04:00,263369008,28138636,3408320,0,0,49.05,42.00,23.53,72915452,3689390940,3689390940
3,1784283177,2026-07-17T06:12:57-04:00,263369008,28215820,3488972,0,0,49.05,42.00,23.53,72915376,3689390924,3689390924
3,1784283180,2026-07-17T06:13:00-04:00,263369008,28190272,3463304,0,0,48.56,42.02,23.63,72915284,3689390900,3689390900
3,1784283183,2026-07-17T06:13:03-04:00,263369008,28180116,3453280,0,0,48.56,42.02,23.63,72915240,3689390872,3689390872
3,1784283186,2026-07-17T06:13:06-04:00,263369008,28163192,3436128,0,0,47.48,41.90,23.70,72915160,3689390856,3689390856
3,1784283189,2026-07-17T06:13:09-04:00,263369008,28145284,3418064,0,0,47.04,41.90,23.79,72915060,3689390832,3689390832
3,1784283192,2026-07-17T06:13:12-04:00,263369008,28146956,3419664,0,0,47.04,41.90,23.79,72915008,3689390824,3689390824
3,1784283195,2026-07-17T06:13:15-04:00,263369008,28149996,3422436,0,0,46.47,41.87,23.88,72914936,3689390804,3689390804
3,1784283198,2026-07-17T06:13:18-04:00,263369008,28149448,3421240,0,0,45.56,41.75,23.94,72914860,3689390764,3689390764
3,1784283201,2026-07-17T06:13:21-04:00,263369008,28146424,3418620,0,0,45.56,41.75,23.94,72914800,3689390756,3689390756
3,1784283204,2026-07-17T06:13:24-04:00,263369008,28127824,3399392,0,0,45.11,41.73,24.03,72914708,3689390732,3689390732
3,1784283208,2026-07-17T06:13:28-04:00,263369008,28198132,3474260,0,0,45.11,41.73,24.03,72914632,3689390712,3689390712
3,1784283211,2026-07-17T06:13:31-04:00,263369008,28107976,3383340,0,0,42.86,41.31,23.99,72914488,3689390692,3689390692
3,1784283214,2026-07-17T06:13:34-04:00,263369008,28098852,3374004,0,0,43.43,41.46,24.13,72914404,3689390672,3689390672
3,1784283217,2026-07-17T06:13:37-04:00,263369008,28078044,3353056,0,0,43.43,41.46,24.13,72914344,3689390648,3689390648
3,1784283220,2026-07-17T06:13:40-04:00,263369008,28058616,3333492,0,0,43.88,41.58,24.26,72914256,3689390616,3689390616
3,1784283223,2026-07-17T06:13:43-04:00,263369008,28047976,3322760,0,0,44.37,41.72,24.40,72914184,3689390604,3689390604
3,1784283226,2026-07-17T06:13:46-04:00,263369008,28047040,3320208,0,0,44.37,41.72,24.40,72914116,3689390580,3689390580
3,1784283230,2026-07-17T06:13:50-04:00,263369008,28047904,3322400,0,0,44.74,41.85,24.54,72914028,3689390556,3689390556
3,1784283233,2026-07-17T06:13:53-04:00,263369008,28051336,3325720,0,0,44.74,41.85,24.54,72913976,3689390544,3689390544
3,1784283236,2026-07-17T06:13:56-04:00,263369008,28050472,3324672,0,0,45.32,42.02,24.68,72913900,3689390532,3689390532
3,1784283239,2026-07-17T06:13:59-04:00,263369008,28113708,3395776,0,0,44.81,41.96,24.76,72913784,3689390504,3689390504
3,1784283242,2026-07-17T06:14:02-04:00,263369008,28108536,3389772,0,0,44.81,41.96,24.76,72913736,3689390480,3689390480
3,1784283245,2026-07-17T06:14:05-04:00,263369008,28084776,3366632,0,0,44.11,41.87,24.82,72913652,3689390464,3689390464
3,1784283248,2026-07-17T06:14:08-04:00,263369008,28080176,3361932,0,0,43.54,41.78,24.89,72913592,3689390436,3689390436
3,1784283251,2026-07-17T06:14:11-04:00,263369008,28071240,3352900,0,0,43.54,41.78,24.89,72913520,3689390420,3689390420
3,1784283255,2026-07-17T06:14:15-04:00,263369008,28075428,3356972,0,0,44.06,41.92,25.02,72913440,3689390412,3689390412
3,1784283258,2026-07-17T06:14:18-04:00,263369008,28079832,3361284,0,0,44.06,41.92,25.02,72913392,3689390380,3689390380
3,1784283261,2026-07-17T06:14:21-04:00,263369008,28067140,3348460,0,0,43.57,41.86,25.09,72913304,3689390356,3689390356
3,1784283264,2026-07-17T06:14:24-04:00,263369008,28070828,3352076,0,0,43.12,41.79,25.16,72913224,3689390344,3689390344
3,1784283267,2026-07-17T06:14:27-04:00,263369008,28195336,3479336,0,0,43.12,41.79,25.16,72913152,3689390328,3689390328
3,1784283270,2026-07-17T06:14:30-04:00,263369008,28152332,3437220,0,0,42.71,41.73,25.23,72913064,3689390304,3689390304
3,1784283273,2026-07-17T06:14:33-04:00,263369008,28146776,3431540,0,0,42.34,41.67,25.30,72912992,3689390280,3689390280
3,1784283277,2026-07-17T06:14:37-04:00,263369008,28116932,3401448,0,0,42.34,41.67,25.30,72912920,3689390264,3689390264
3,1784283280,2026-07-17T06:14:40-04:00,263369008,28076460,3360836,0,0,42.63,41.74,25.41,72912816,3689390240,3689390240
3,1784283283,2026-07-17T06:14:43-04:00,263369008,28073128,3356972,0,0,42.63,41.74,25.41,72912628,3689390224,3689390224
3,1784283286,2026-07-17T06:14:46-04:00,263369008,28076692,3360420,0,0,43.78,41.99,25.58,72912532,3689390204,3689390204
3,1784283289,2026-07-17T06:14:49-04:00,263369008,28072124,3354660,0,0,44.52,42.18,25.73,72912440,3689390180,3689390180
3,1784283292,2026-07-17T06:14:52-04:00,263369008,28079984,3363380,0,0,44.52,42.18,25.73,72912392,3689390160,3689390160
3,1784283295,2026-07-17T06:14:55-04:00,263369008,28077532,3360804,0,0,45.20,42.36,25.87,72912320,3689390144,3689390144
3,1784283299,2026-07-17T06:14:59-04:00,263369008,28158228,3444948,0,0,45.74,42.52,26.01,72912220,3689390120,3689390120
3,1784283302,2026-07-17T06:15:02-04:00,263369008,28141448,3428568,0,0,45.74,42.52,26.01,72912160,3689390096,3689390096
3,1784283305,2026-07-17T06:15:05-04:00,263369008,28119656,3406164,0,0,46.32,42.69,26.16,72912076,3689390080,3689390080
3,1784283308,2026-07-17T06:15:08-04:00,263369008,28103768,3390648,0,0,46.32,42.69,26.16,72912004,3689390048,3689390048
3,1784283311,2026-07-17T06:15:11-04:00,263369008,28082160,3368908,0,0,46.78,42.84,26.30,72911940,3689390032,3689390032
3,1784283314,2026-07-17T06:15:14-04:00,263369008,28082556,3369208,0,0,47.20,43.00,26.44,72911864,3689390016,3689390016
3,1784283317,2026-07-17T06:15:17-04:00,263369008,28087068,3373244,0,0,47.20,43.00,26.44,72911800,3689389988,3689389988
3,1784283321,2026-07-17T06:15:21-04:00,263369008,28083756,3369796,0,0,47.58,43.15,26.57,72911716,3689389968,3689389968
3,1784283324,2026-07-17T06:15:24-04:00,263369008,28089268,3375132,0,0,47.94,43.29,26.71,72911648,3689389956,3689389956
3,1784283327,2026-07-17T06:15:27-04:00,263369008,28074224,3359848,0,0,47.94,43.29,26.71,72911564,3689389940,3689389940
3,1784283330,2026-07-17T06:15:30-04:00,263369008,28132428,3420480,0,0,48.34,43.46,26.85,72911452,3689389916,3689389916
3,1784283333,2026-07-17T06:15:33-04:00,263369008,28139264,3426812,0,0,48.72,43.61,26.99,72911344,3689389892,3689389892
3,1784283336,2026-07-17T06:15:36-04:00,263369008,28100760,3387676,0,0,48.72,43.61,26.99,72911284,3689389876,3689389876
3,1784283340,2026-07-17T06:15:40-04:00,263369008,28092904,3380220,0,0,48.74,43.70,27.11,72911188,3689389844,3689389844
3,1784283343,2026-07-17T06:15:43-04:00,263369008,28087708,3374956,0,0,48.74,43.70,27.11,72911140,3689389832,3689389832
3,1784283346,2026-07-17T06:15:46-04:00,263369008,28095292,3382168,0,0,48.68,43.78,27.22,72911048,3689389812,3689389812
3,1784283349,2026-07-17T06:15:49-04:00,263369008,28095792,3382432,0,0,47.66,43.65,27.27,72910976,3689389780,3689389780
3,1784283352,2026-07-17T06:15:52-04:00,263369008,28094904,3381460,0,0,47.66,43.65,27.27,72910912,3689389772,3689389772
3,1784283355,2026-07-17T06:15:55-04:00,263369008,28083712,3370148,0,0,47.93,43.77,27.40,72910832,3689389748,3689389748
3,1784283358,2026-07-17T06:15:58-04:00,263369008,28080628,3366416,0,0,48.26,43.91,27.53,72910736,3689389728,3689389728
3,1784283362,2026-07-17T06:16:02-04:00,263369008,28159180,3449564,0,0,48.26,43.91,27.53,72910680,3689389700,3689389700
3,1784283365,2026-07-17T06:16:05-04:00,263369008,28138340,3428632,0,0,48.56,44.04,27.66,72910604,3689389688,3689389688
3,1784283368,2026-07-17T06:16:08-04:00,263369008,28114596,3404624,0,0,48.56,44.04,27.66,72910536,3689389660,3689389660
3,1784283371,2026-07-17T06:16:11-04:00,263369008,28095632,3385532,0,0,48.75,44.16,27.79,72910448,3689389644,3689389644
3,1784283374,2026-07-17T06:16:14-04:00,263369008,28102368,3392024,0,0,48.61,44.20,27.89,72910376,3689389628,3689389628
3,1784283377,2026-07-17T06:16:17-04:00,263369008,28106364,3395896,0,0,48.61,44.20,27.89,72910320,3689389600,3689389600
3,1784283380,2026-07-17T06:16:20-04:00,263369008,28113552,3402932,0,0,48.88,44.33,28.02,72910228,3689389576,3689389576
3,1784283384,2026-07-17T06:16:24-04:00,263369008,28113800,3403100,0,0,49.05,44.44,28.15,72910156,3689389564,3689389564
3,1784283387,2026-07-17T06:16:27-04:00,263369008,28090688,3379260,0,0,49.05,44.44,28.15,72910076,3689389548,3689389548
3,1784283390,2026-07-17T06:16:30-04:00,263369008,28094152,3382592,0,0,49.13,44.54,28.26,72910004,3689389520,3689389520
3,1784283393,2026-07-17T06:16:33-04:00,263369008,28177316,3469412,0,0,49.13,44.54,28.26,72909912,3689389496,3689389496
3,1784283396,2026-07-17T06:16:36-04:00,263369008,28113768,3406204,0,0,49.44,44.68,28.40,72909856,3689389480,3689389480
3,1784283399,2026-07-17T06:16:39-04:00,263369008,28114264,3406600,0,0,49.56,44.78,28.52,72909788,3689389460,3689389460
3,1784283402,2026-07-17T06:16:42-04:00,263369008,28099616,3391856,0,0,49.56,44.78,28.52,72909724,3689389444,3689389444
3,1784283406,2026-07-17T06:16:46-04:00,263369008,28112404,3405004,0,0,50.08,44.97,28.67,72909632,3689389428,3689389428
3,1784283409,2026-07-17T06:16:49-04:00,263369008,28114380,3407064,0,0,50.95,45.24,28.84,72909552,3689390128,3689390128
3,1784283412,2026-07-17T06:16:52-04:00,263369008,28120016,3412428,0,0,50.95,45.24,28.84,72909496,3689390112,3689390112
3,1784283415,2026-07-17T06:16:55-04:00,263369008,28109144,3401384,0,0,51.28,45.40,28.98,72909424,3689390096,3689390096
3,1784283418,2026-07-17T06:16:58-04:00,263369008,28098692,3390636,0,0,51.50,45.54,29.12,72909312,3689390072,3689390072
3,1784283421,2026-07-17T06:17:01-04:00,263369008,28103084,3394928,0,0,51.50,45.54,29.12,72909252,3689390048,3689390048
3,1784283425,2026-07-17T06:17:05-04:00,263369008,28188376,3483708,0,0,51.46,45.63,29.23,72909188,3689390032,3689390032
3,1784283428,2026-07-17T06:17:08-04:00,263369008,28150784,3446744,0,0,51.46,45.63,29.23,72909116,3689390016,3689390016
3,1784283431,2026-07-17T06:17:11-04:00,263369008,28117460,3413280,0,0,51.74,45.79,29.37,72909028,3689389996,3689389996
3,1784283434,2026-07-17T06:17:14-04:00,263369008,28116140,3411856,0,0,52.24,45.99,29.53,72908948,3689389980,3689389980
3,1784283437,2026-07-17T06:17:17-04:00,263369008,28128084,3422924,0,0,52.24,45.99,29.53,72908896,3689389948,3689389948
3,1784283440,2026-07-17T06:17:20-04:00,263369008,28127336,3422780,0,0,53.10,46.27,29.71,72908820,3689389920,3689389920
3,1784283443,2026-07-17T06:17:23-04:00,263369008,28127360,3422644,0,0,53.02,46.37,29.83,72908740,3689389824,3689389824
3,1784283447,2026-07-17T06:17:27-04:00,263369008,28123072,3418136,0,0,53.02,46.37,29.83,72908680,3689389812,3689389812
3,1784283450,2026-07-17T06:17:30-04:00,263369008,28109840,3404272,0,0,53.01,46.48,29.95,72908564,3689389792,3689389792
3,1784283453,2026-07-17T06:17:33-04:00,263369008,28206460,3505364,0,0,53.01,46.48,29.95,72908504,3689389772,3689389772
3,1784283456,2026-07-17T06:17:36-04:00,263369008,28174592,3473024,0,0,51.49,46.27,29.97,72908424,3689389756,3689389756
3,1784283459,2026-07-17T06:17:39-04:00,263369008,28134792,3432980,0,0,50.17,46.08,30.00,72908340,3689389728,3689389728
3,1784283462,2026-07-17T06:17:42-04:00,263369008,28102496,3400964,0,0,50.17,46.08,30.00,72908280,3689389708,3689389708
3,1784283465,2026-07-17T06:17:45-04:00,263369008,28103000,3401368,0,0,48.88,45.88,30.02,72908188,3689389696,3689389696
3,1784283468,2026-07-17T06:17:48-04:00,263369008,28103432,3401616,0,0,47.68,45.68,30.04,72908104,3689389660,3689389660
3,1784283471,2026-07-17T06:17:51-04:00,263369008,28096048,3394048,0,0,47.68,45.68,30.04,72908048,3689389648,3689389648
3,1784283475,2026-07-17T06:17:55-04:00,263369008,28091188,3388304,0,0,46.59,45.49,30.06,72907976,3689389632,3689389632
3,1784283478,2026-07-17T06:17:58-04:00,263369008,28065340,3362216,0,0,46.59,45.49,30.06,72907904,3689389616,3689389616
3,1784283481,2026-07-17T06:18:01-04:00,263369008,28063644,3360900,0,0,45.50,45.28,30.08,72907812,3689389584,3689389584
3,1784283484,2026-07-17T06:18:04-04:00,263369008,28069608,3366740,0,0,44.58,45.10,30.10,72907736,3689389564,3689389564
3,1784283487,2026-07-17T06:18:07-04:00,263369008,28146364,3446828,0,0,44.58,45.10,30.10,72907676,3689389548,3689389548
3,1784283490,2026-07-17T06:18:10-04:00,263369008,28135088,3435924,0,0,43.73,44.91,30.12,72907608,3689389524,3689389524
3,1784283493,2026-07-17T06:18:13-04:00,263369008,28033504,3334016,0,0,43.73,44.91,30.12,72907420,3689389508,3689389508
3,1784283496,2026-07-17T06:18:16-04:00,263369008,28030140,3330076,0,0,43.43,44.83,30.18,72907372,3689389484,3689389484
3,1784283499,2026-07-17T06:18:19-04:00,263369008,28036228,3336308,0,0,43.00,44.72,30.22,72907296,3689389448,3689389448
3,1784283503,2026-07-17T06:18:23-04:00,263369008,28030024,3329600,0,0,43.00,44.72,30.22,72907232,3689389436,3689389436
3,1784283506,2026-07-17T06:18:26-04:00,263369008,27956204,3255896,0,0,43.40,44.77,30.31,72907156,3689389420,3689389420
3,1784283509,2026-07-17T06:18:29-04:00,263369008,27959920,3259448,0,0,43.21,44.71,30.37,72907048,3689389396,3689389396
3,1784283512,2026-07-17T06:18:32-04:00,263369008,27944312,3243744,0,0,43.21,44.71,30.37,72906988,3689389376,3689389376
3,1784283515,2026-07-17T06:18:35-04:00,263369008,28101952,3404200,0,0,43.19,44.68,30.44,72906920,3689389364,3689389364
3,1784283518,2026-07-17T06:18:38-04:00,263369008,28040884,3343720,0,0,43.19,44.68,30.44,72906832,3689389336,3689389336
3,1784283521,2026-07-17T06:18:41-04:00,263369008,28008736,3311452,0,0,42.93,44.60,30.49,72906764,3689389324,3689389324
3,1784283524,2026-07-17T06:18:44-04:00,263369008,27989008,3291640,0,0,43.02,44.59,30.56,72917076,3689389308,3689389308
3,1784283528,2026-07-17T06:18:48-04:00,263369008,27990188,3292664,0,0,43.02,44.59,30.56,72917016,3689389284,3689389284
3,1784283531,2026-07-17T06:18:51-04:00,263369008,27989096,3291220,0,0,41.50,44.25,30.53,72916948,3689389260,3689389260
3,1784283534,2026-07-17T06:18:54-04:00,263369008,27972984,3275716,0,0,42.10,44.33,30.63,72916852,3689389252,3689389252
3,1784283537,2026-07-17T06:18:57-04:00,263369008,27966204,3268820,0,0,42.10,44.33,30.63,72916800,3689389228,3689389228
3,1784283540,2026-07-17T06:19:00-04:00,263369008,27961092,3263564,0,0,42.73,44.42,30.73,72916704,3689389200,3689389200
3,1784283543,2026-07-17T06:19:03-04:00,263369008,27967572,3269932,0,0,42.75,44.40,30.80,72916624,3689389176,3689389176
3,1784283546,2026-07-17T06:19:06-04:00,263369008,28075352,3380956,0,0,42.75,44.40,30.80,72916568,3689389164,3689389164
3,1784283550,2026-07-17T06:19:10-04:00,263369008,28034324,3340048,0,0,43.17,44.46,30.89,72916488,3689389144,3689389144
3,1784283553,2026-07-17T06:19:13-04:00,263369008,28006672,3312736,0,0,43.17,44.46,30.89,72916416,3689389132,3689389132
3,1784283556,2026-07-17T06:19:16-04:00,263369008,28011036,3316808,0,0,42.92,44.38,30.94,72916344,3689389104,3689389104
3,1784283559,2026-07-17T06:19:19-04:00,263369008,28010560,3316180,0,0,43.57,44.49,31.05,72916256,3689389080,3689389080
3,1784283562,2026-07-17T06:19:22-04:00,263369008,27995180,3300472,0,0,43.57,44.49,31.05,72916200,3689389068,3689389068
3,1784283565,2026-07-17T06:19:25-04:00,263369008,27993028,3298460,0,0,44.24,44.62,31.16,72916132,3689389056,3689389056
3,1784283568,2026-07-17T06:19:28-04:00,263369008,27980240,3284996,0,0,44.70,44.71,31.26,72916024,3689389028,3689389028
3,1784283571,2026-07-17T06:19:31-04:00,263369008,27977932,3283068,0,0,44.70,44.71,31.26,72915956,3689389012,3689389012
3,1784283575,2026-07-17T06:19:35-04:00,263369008,27982824,3287860,0,0,45.29,44.83,31.38,72915880,3689388992,3689388992
3,1784283578,2026-07-17T06:19:38-04:00,263369008,28038148,3347012,0,0,45.29,44.83,31.38,72915824,3689388968,3689388968
3,1784283581,2026-07-17T06:19:41-04:00,263369008,28028200,3336940,0,0,45.90,44.96,31.49,72915756,3689388948,3689388948
3,1784283584,2026-07-17T06:19:44-04:00,263369008,28004036,3312644,0,0,46.71,45.15,31.62,72915664,3689388932,3689388932
3,1784283587,2026-07-17T06:19:47-04:00,263369008,28012056,3320764,0,0,46.71,45.15,31.62,72915592,3689388908,3689388908
3,1784283590,2026-07-17T06:19:50-04:00,263369008,28029840,3338180,0,0,47.30,45.29,31.74,72915516,3689388888,3689388888
3,1784283594,2026-07-17T06:19:54-04:00,263369008,28029232,3337436,0,0,47.83,45.44,31.86,72915432,3689388868,3689388868
3,1784283597,2026-07-17T06:19:57-04:00,263369008,28023684,3331780,0,0,47.83,45.44,31.86,72915372,3689388856,3689388856
3,1784283600,2026-07-17T06:20:00-04:00,263369008,28017100,3325044,0,0,48.09,45.53,31.97,72915268,3689388824,3689388824
3,1784283603,2026-07-17T06:20:03-04:00,263369008,28018288,3326124,0,0,48.09,45.53,31.97,72915188,3689388804,3689388804
3,1784283606,2026-07-17T06:20:06-04:00,263369008,28026744,3334200,0,0,49.04,45.77,32.12,72915144,3689388784,3689388784
3,1784283609,2026-07-17T06:20:09-04:00,263369008,28075776,3386836,0,0,49.52,45.93,32.24,72915060,3689388756,3689388756
3,1784283612,2026-07-17T06:20:12-04:00,263369008,28050712,3361536,0,0,49.52,45.93,32.24,72914980,3689388736,3689388736
3,1784283616,2026-07-17T06:20:16-04:00,263369008,28049248,3360472,0,0,49.64,46.01,32.34,72914908,3689388716,3689388716
3,1784283619,2026-07-17T06:20:19-04:00,263369008,28047160,3358216,0,0,49.99,46.14,32.46,72914832,3689388684,3689388684
3,1784283622,2026-07-17T06:20:22-04:00,263369008,28048676,3359028,0,0,49.99,46.14,32.46,72914768,3689388672,3689388672
3,1784283625,2026-07-17T06:20:25-04:00,263369008,28044764,3355532,0,0,50.23,46.26,32.57,72914700,3689388664,3689388664
3,1784283628,2026-07-17T06:20:28-04:00,263369008,28026884,3337476,0,0,50.23,46.26,32.57,72914592,3689388632,3689388632
3,1784283631,2026-07-17T06:20:31-04:00,263369008,28028112,3337828,0,0,50.45,46.37,32.68,72914540,3689388604,3689388604
3,1784283634,2026-07-17T06:20:34-04:00,263369008,28026464,3336348,0,0,50.33,46.41,32.77,72914464,3689388592,3689388592
3,1784283638,2026-07-17T06:20:38-04:00,263369008,28015548,3325808,0,0,50.33,46.41,32.77,72914404,3689388576,3689388576
3,1784283641,2026-07-17T06:20:41-04:00,263369008,28096980,3410952,0,0,50.71,46.56,32.89,72914328,3689388556,3689388556
3,1784283644,2026-07-17T06:20:44-04:00,263369008,28058736,3372316,0,0,49.61,46.40,32.91,72914236,3689388540,3689388540
3,1784283647,2026-07-17T06:20:47-04:00,263369008,28064332,3378488,0,0,49.61,46.40,32.91,72914168,3689388508,3689388508
3,1784283650,2026-07-17T06:20:50-04:00,263369008,28066836,3380496,0,0,50.12,46.56,33.03,72914096,3689388492,3689388492
3,1784283653,2026-07-17T06:20:53-04:00,263369008,28063156,3376912,0,0,50.27,46.65,33.14,72914004,3689388476,3689388476
3,1784283656,2026-07-17T06:20:56-04:00,263369008,28047768,3361396,0,0,50.27,46.65,33.14,72913956,3689388456,3689388456
3,1784283660,2026-07-17T06:21:00-04:00,263369008,28043780,3356740,0,0,50.41,46.74,33.24,72913852,3689388424,3689388424
3,1784283663,2026-07-17T06:21:03-04:00,263369008,28040684,3353528,0,0,50.41,46.74,33.24,72913788,3689388408,3689388408
3,1784283666,2026-07-17T06:21:06-04:00,263369008,28040956,3354188,0,0,50.62,46.84,33.34,72913712,3689388396,3689388396
3,1784283669,2026-07-17T06:21:09-04:00,263369008,28019396,3331812,0,0,50.65,46.91,33.44,72913632,3689387176,3689387176
3,1784283672,2026-07-17T06:21:12-04:00,263369008,28080756,3392656,0,0,50.65,46.91,33.44,72913568,3689387152,3689387152
3,1784283675,2026-07-17T06:21:15-04:00,263369008,28068736,3384540,0,0,50.76,47.00,33.54,72913496,3689387140,3689387140
3,1784283678,2026-07-17T06:21:18-04:00,263369008,28066196,3381836,0,0,50.78,47.06,33.63,72913412,3689387104,3689387104
3,1784283682,2026-07-17T06:21:22-04:00,263369008,28068836,3384408,0,0,50.78,47.06,33.63,72913364,3689387092,3689387092
3,1784283685,2026-07-17T06:21:25-04:00,263369008,28057112,3372416,0,0,50.80,47.13,33.73,72913280,3689387080,3689387080
3,1784283688,2026-07-17T06:21:28-04:00,263369008,28045776,3360656,0,0,50.80,47.13,33.73,72913192,3689387052,3689387052
3,1784283691,2026-07-17T06:21:31-04:00,263369008,28047244,3361984,0,0,50.65,47.16,33.81,72913128,3689387032,3689387032
3,1784283694,2026-07-17T06:21:34-04:00,263369008,28058652,3372568,0,0,50.60,47.21,33.90,72913036,3689387016,3689387016
3,1784283697,2026-07-17T06:21:37-04:00,263369008,28060768,3374584,0,0,50.60,47.21,33.90,72912992,3689387000,3689387000
3,1784283700,2026-07-17T06:21:40-04:00,263369008,28034160,3347308,0,0,50.71,47.29,33.99,72912912,3689386976,3689386976
3,1784283704,2026-07-17T06:21:44-04:00,263369008,28080300,3398324,0,0,50.74,47.35,34.09,72912816,3689386960,3689386960
3,1784283707,2026-07-17T06:21:47-04:00,263369008,28079076,3398352,0,0,50.74,47.35,34.09,72912744,3689388620,3689388620
3,1784283710,2026-07-17T06:21:50-04:00,263369008,28081824,3400372,0,0,50.84,47.43,34.18,72912676,3689388596,3689388596
3,1784283713,2026-07-17T06:21:53-04:00,263369008,28075160,3394156,0,0,50.84,47.43,34.18,72912588,3689388576,3689388576
3,1784283716,2026-07-17T06:21:56-04:00,263369008,28080148,3399492,0,0,50.93,47.50,34.28,72912544,3689388556,3689388556
3,1784283719,2026-07-17T06:21:59-04:00,263369008,28065596,3384300,0,0,51.02,47.58,34.37,72912432,3689388532,3689388532
3,1784283723,2026-07-17T06:22:03-04:00,263369008,28064216,3382820,0,0,51.02,47.58,34.37,72912380,3689388504,3689388504
3,1784283726,2026-07-17T06:22:06-04:00,263369008,28067712,3386064,0,0,51.01,47.63,34.46,72912304,3689388488,3689388488
3,1784283729,2026-07-17T06:22:09-04:00,263369008,28052396,3370632,0,0,50.61,47.61,34.52,72912212,3689388464,3689388464
3,1784283732,2026-07-17T06:22:12-04:00,263369008,28128184,3450208,0,0,50.61,47.61,34.52,72912148,3689388452,3689388452
3,1784283735,2026-07-17T06:22:15-04:00,263369008,28070460,3393080,0,0,49.44,47.41,34.53,72912052,3689388432,3689388432
3,1784283738,2026-07-17T06:22:18-04:00,263369008,28065528,3387996,0,0,49.44,47.41,34.53,72911972,3689388384,3689388384
3,1784283741,2026-07-17T06:22:21-04:00,263369008,28061196,3383568,0,0,48.93,47.34,34.58,72911928,3689388368,3689388368
3,1784283744,2026-07-17T06:22:24-04:00,263369008,28048880,3370628,0,0,47.73,47.12,34.58,72911840,3689388352,3689388352
3,1784283747,2026-07-17T06:22:27-04:00,263369008,28031484,3352844,0,0,47.73,47.12,34.58,72911780,3689388344,3689388344
3,1784283751,2026-07-17T06:22:31-04:00,263369008,28022760,3344740,0,0,46.63,46.90,34.57,72911684,3689388308,3689388308
3,1784283754,2026-07-17T06:22:34-04:00,263369008,28013584,3334936,0,0,46.66,46.90,34.64,72911600,3689388284,3689388284
3,1784283757,2026-07-17T06:22:37-04:00,263369008,28017988,3339728,0,0,46.66,46.90,34.64,72911548,3689388272,3689388272
3,1784283760,2026-07-17T06:22:40-04:00,263369008,27998740,3320376,0,0,45.65,46.69,34.64,72911468,3689388244,3689388244
3,1784283763,2026-07-17T06:22:43-04:00,263369008,28076776,3401824,0,0,45.65,46.69,34.64,72911376,3689388228,3689388228
3,1784283766,2026-07-17T06:22:46-04:00,263369008,28063664,3389304,0,0,44.63,46.46,34.63,72911308,3689388204,3689388204
3,1784283769,2026-07-17T06:22:49-04:00,263369008,28060092,3385560,0,0,44.02,46.30,34.64,72911232,3689388180,3689388180
3,1784283772,2026-07-17T06:22:52-04:00,263369008,28055924,3381320,0,0,44.02,46.30,34.64,72911168,3689388164,3689388164
3,1784283775,2026-07-17T06:22:55-04:00,263369008,27962964,3288064,0,0,42.02,45.85,34.56,72911016,3689388152,3689388152
3,1784283779,2026-07-17T06:22:59-04:00,263369008,27924360,3249188,0,0,41.78,45.73,34.58,72910912,3689388120,3689388120
3,1784283782,2026-07-17T06:23:02-04:00,263369008,27920476,3245220,0,0,41.78,45.73,34.58,72910860,3689388096,3689388096
3,1784283785,2026-07-17T06:23:05-04:00,263369008,27926788,3251416,0,0,41.31,45.57,34.59,72910776,3689388084,3689388084
3,1784283788,2026-07-17T06:23:08-04:00,263369008,27931004,3255512,0,0,41.31,45.57,34.59,72910704,3689388064,3689388064
3,1784283791,2026-07-17T06:23:11-04:00,263369008,27926664,3250552,0,0,41.93,45.63,34.66,72910648,3689388048,3689388048
3,1784283794,2026-07-17T06:23:14-04:00,263369008,28087784,3416140,0,0,42.02,45.59,34.71,72910540,3689388032,3689388032
3,1784283797,2026-07-17T06:23:17-04:00,263369008,28061744,3389612,0,0,42.02,45.59,34.71,72910488,3689388000,3689388000
3,1784283800,2026-07-17T06:23:20-04:00,263369008,28046948,3374548,0,0,41.69,45.46,34.73,72910412,3689387980,3689387980
3,1784283804,2026-07-17T06:23:24-04:00,263369008,28027980,3354716,0,0,42.20,45.50,34.80,72910332,3689387968,3689387968
3,1784283807,2026-07-17T06:23:27-04:00,263369008,28013908,3340784,0,0,42.20,45.50,34.80,72910280,3689387956,3689387956
3,1784283810,2026-07-17T06:23:30-04:00,263369008,27979004,3305736,0,0,40.82,45.16,34.75,72910168,3689387932,3689387932
3,1784283813,2026-07-17T06:23:33-04:00,263369008,27981684,3308816,0,0,40.82,45.16,34.75,72910092,3689387912,3689387912
3,1784283816,2026-07-17T06:23:36-04:00,263369008,27978560,3305568,0,0,40.92,45.11,34.79,72910032,3689387896,3689387896
3,1784283819,2026-07-17T06:23:39-04:00,263369008,27966368,3293252,0,0,41.40,45.14,34.85,72909956,3689387864,3689387864
3,1784283822,2026-07-17T06:23:42-04:00,263369008,27947648,3274444,0,0,41.40,45.14,34.85,72909908,3689387852,3689387852
3,1784283826,2026-07-17T06:23:46-04:00,263369008,28100268,3430264,0,0,40.81,44.96,34.85,72909796,3689387836,3689387836
3,1784283829,2026-07-17T06:23:49-04:00,263369008,28065116,3395092,0,0,40.18,44.76,34.84,72909728,3689387804,3689387804
3,1784283832,2026-07-17T06:23:52-04:00,263369008,28060132,3390540,0,0,40.18,44.76,34.84,72909680,3689387788,3689387788
3,1784283835,2026-07-17T06:23:55-04:00,263369008,28035384,3365716,0,0,41.05,44.86,34.92,72909588,3689387776,3689387776
3,1784283838,2026-07-17T06:23:58-04:00,263369008,28024052,3353228,0,0,41.05,44.86,34.92,72909496,3689387748,3689387748
3,1784283841,2026-07-17T06:24:01-04:00,263369008,28017088,3347156,0,0,41.77,44.95,35.00,72909428,3689387724,3689387724
3,1784283844,2026-07-17T06:24:04-04:00,263369008,28013448,3343400,0,0,42.35,45.01,35.08,72909348,3689387712,3689387712
3,1784283847,2026-07-17T06:24:07-04:00,263369008,28014804,3344516,0,0,42.35,45.01,35.08,72909300,3689387696,3689387696
3,1784283851,2026-07-17T06:24:11-04:00,263369008,27996600,3325432,0,0,43.36,45.18,35.19,72909212,3689387668,3689387668
3,1784283854,2026-07-17T06:24:14-04:00,263369008,27984460,3313856,0,0,44.29,45.34,35.29,72909128,3689387648,3689387648
3,1784283857,2026-07-17T06:24:17-04:00,263369008,28107724,3439504,0,0,44.29,45.34,35.29,72909056,3689387616,3689387616
3,1784283860,2026-07-17T06:24:20-04:00,263369008,28089772,3422396,0,0,44.91,45.45,35.38,72908984,3689387592,3689387592
3,1784283863,2026-07-17T06:24:23-04:00,263369008,28079400,3411888,0,0,44.91,45.45,35.38,72908916,3689387580,3689387580
3,1784283866,2026-07-17T06:24:26-04:00,263369008,28061204,3393456,0,0,45.48,45.56,35.47,72908856,3689387560,3689387560
3,1784283870,2026-07-17T06:24:30-04:00,263369008,28027384,3359508,0,0,46.00,45.67,35.56,72908752,3689387536,3689387536
3,1784283873,2026-07-17T06:24:33-04:00,263369008,28025520,3357520,0,0,46.00,45.67,35.56,72908700,3689387512,3689387512
3,1784283876,2026-07-17T06:24:36-04:00,263369008,28023724,3355564,0,0,46.40,45.76,35.64,72908620,3689387496,3689387496
3,1784283879,2026-07-17T06:24:39-04:00,263369008,28013044,3344776,0,0,46.77,45.85,35.73,72908532,3689387472,3689387472
3,1784283882,2026-07-17T06:24:42-04:00,263369008,27983356,3314988,0,0,46.77,45.85,35.73,72908468,3689387456,3689387456
3,1784283885,2026-07-17T06:24:45-04:00,263369008,27961464,3292804,0,0,46.95,45.90,35.80,72908208,3689387436,3689387436
3,1784283888,2026-07-17T06:24:48-04:00,263369008,28041284,3376576,0,0,47.43,46.02,35.89,72908144,3689387404,3689387404
3,1784283892,2026-07-17T06:24:52-04:00,263369008,28034448,3368520,0,0,47.43,46.02,35.89,72908084,3689386212,3689386212
3,1784283895,2026-07-17T06:24:55-04:00,263369008,28019888,3353292,0,0,47.72,46.10,35.97,72908000,3689386196,3689386196
3,1784283898,2026-07-17T06:24:58-04:00,263369008,28007076,3340876,0,0,47.72,46.10,35.97,72907944,3689386172,3689386172
3,1784283901,2026-07-17T06:25:01-04:00,263369008,27975808,3308660,0,0,48.14,46.21,36.06,72907804,3689386144,3689386144
3,1784283904,2026-07-17T06:25:04-04:00,263369008,27971880,3276752,0,0,48.37,46.29,36.14,72907696,3689386128,3689386128
3,1784283907,2026-07-17T06:25:07-04:00,263369008,27991860,3296452,0,0,48.37,46.29,36.14,72907616,3689386112,3689386112
3,1784283910,2026-07-17T06:25:10-04:00,263369008,27931752,3235372,0,0,48.66,46.39,36.23,72907488,3689386088,3689386088
3,1784283914,2026-07-17T06:25:14-04:00,263369008,27935168,3239172,0,0,48.69,46.43,36.30,72907376,3689386068,3689386068
3,1784283917,2026-07-17T06:25:17-04:00,263369008,27920952,3224580,0,0,48.69,46.43,36.30,72907320,3689386040,3689386040
3,1784283920,2026-07-17T06:25:20-04:00,263369008,28031132,3338720,0,0,49.03,46.54,36.39,72907240,3689386016,3689386016
3,1784283923,2026-07-17T06:25:23-04:00,263369008,28026692,3334208,0,0,49.03,46.54,36.39,72907172,3689386004,3689386004
3,1784283926,2026-07-17T06:25:26-04:00,263369008,28012228,3321640,0,0,49.51,46.68,36.49,72907112,3689385988,3689385988
3,1784283929,2026-07-17T06:25:29-04:00,263369008,27984348,3291556,0,0,49.79,46.79,36.58,72907008,3689385964,3689385964
3,1784283932,2026-07-17T06:25:32-04:00,263369008,28001372,3307972,0,0,49.79,46.79,36.58,72906948,3689385940,3689385940
3,1784283936,2026-07-17T06:25:36-04:00,263369008,27993928,3300932,0,0,50.13,46.91,36.67,72906868,3689385924,3689385924
3,1784283939,2026-07-17T06:25:39-04:00,263369008,27997596,3303988,0,0,50.20,46.98,36.75,72906792,3689385904,3689385904
3,1784283942,2026-07-17T06:25:42-04:00,263369008,27964268,3270524,0,0,50.20,46.98,36.75,72906732,3689385892,3689385892
3,1784283945,2026-07-17T06:25:45-04:00,263369008,27959300,3265880,0,0,50.26,47.04,36.83,72906628,3689385876,3689385876
3,1784283948,2026-07-17T06:25:48-04:00,263369008,27963972,3270416,0,0,50.26,47.04,36.83,72906560,3689385836,3689385836
3,1784283951,2026-07-17T06:25:51-04:00,263369008,28043184,3353608,0,0,50.56,47.16,36.92,72906508,3689385820,3689385820
3,1784283954,2026-07-17T06:25:54-04:00,263369008,28018728,3329032,0,0,50.60,47.22,36.99,72906420,3689385808,3689385808
3,1784283958,2026-07-17T06:25:58-04:00,263369008,28014268,3324968,0,0,50.60,47.22,36.99,72906368,3689385792,3689385792
3,1784283961,2026-07-17T06:26:01-04:00,263369008,27985992,3296048,0,0,50.95,47.35,37.09,72906268,3689385776,3689385776
3,1784283964,2026-07-17T06:26:04-04:00,263369008,27988000,3297956,0,0,51.04,47.43,37.17,72906200,3689385748,3689385748
3,1784283967,2026-07-17T06:26:07-04:00,263369008,27983540,3293372,0,0,51.04,47.43,37.17,72906136,3689385736,3689385736
3,1784283970,2026-07-17T06:26:10-04:00,263369008,27978232,3287948,0,0,51.03,47.49,37.25,72906060,3689385712,3689385712
3,1784283973,2026-07-17T06:26:13-04:00,263369008,27964860,3274312,0,0,51.03,47.49,37.25,72905972,3689385696,3689385696
3,1784283976,2026-07-17T06:26:16-04:00,263369008,27958324,3267644,0,0,51.51,47.65,37.35,72905912,3689385660,3689385660
3,1784283980,2026-07-17T06:26:20-04:00,263369008,27961368,3270552,0,0,51.47,47.70,37.43,72916212,3689385640,3689385640
3,1784283983,2026-07-17T06:26:23-04:00,263369008,28036260,3349488,0,0,51.47,47.70,37.43,72916164,3689385624,3689385624
3,1784283986,2026-07-17T06:26:26-04:00,263369008,28018432,3331532,0,0,51.43,47.76,37.50,72916088,3689385608,3689385608
3,1784283989,2026-07-17T06:26:29-04:00,263369008,27983488,3296460,0,0,51.32,47.80,37.57,72915984,3689385584,3689385584
3,1784283992,2026-07-17T06:26:32-04:00,263369008,27982884,3295740,0,0,51.32,47.80,37.57,72915920,3689385560,3689385560
3,1784283995,2026-07-17T06:26:35-04:00,263369008,27978388,3290720,0,0,51.29,47.85,37.64,72915832,3689385548,3689385548
3,1784283998,2026-07-17T06:26:38-04:00,263369008,27985640,3297820,0,0,51.19,47.89,37.71,72915760,3689385528,3689385528
3,1784284002,2026-07-17T06:26:42-04:00,263369008,27965604,3277696,0,0,51.19,47.89,37.71,72915704,3689385516,3689385516
3,1784284005,2026-07-17T06:26:45-04:00,263369008,27970856,3282076,0,0,51.17,47.94,37.78,72915596,3689385492,3689385492
3,1784284008,2026-07-17T06:26:48-04:00,263369008,27953636,3267000,0,0,51.17,47.94,37.78,72915528,3689387364,3689387364
3,1784284011,2026-07-17T06:26:51-04:00,263369008,28050168,3367568,0,0,49.88,47.72,37.76,72915460,3689387352,3689387352
3,1784284014,2026-07-17T06:26:54-04:00,263369008,28032592,3349580,0,0,48.69,47.51,37.75,72915372,3689387336,3689387336
3,1784284017,2026-07-17T06:26:57-04:00,263369008,28021856,3339216,0,0,48.69,47.51,37.75,72915308,3689387320,3689387320
3,1784284020,2026-07-17T06:27:00-04:00,263369008,27988372,3305080,0,0,47.43,47.27,37.72,72915200,3689387288,3689387288
3,1784284023,2026-07-17T06:27:03-04:00,263369008,27985640,3302732,0,0,46.35,47.05,37.70,72915132,3689387264,3689387264
3,1784284027,2026-07-17T06:27:07-04:00,263369008,27985888,3302352,0,0,46.35,47.05,37.70,72915068,3689387248,3689387248
3,1784284030,2026-07-17T06:27:10-04:00,263369008,28000200,3317060,0,0,45.28,46.82,37.68,72915000,3689387220,3689387220
3,1784284033,2026-07-17T06:27:13-04:00,263369008,27987412,3303764,0,0,45.28,46.82,37.68,72914924,3689387208,3689387208
3,1784284036,2026-07-17T06:27:16-04:00,263369008,27975988,3292068,0,0,44.70,46.67,37.68,72914840,3689387172,3689387172
3,1784284039,2026-07-17T06:27:19-04:00,263369008,27975464,3289584,0,0,43.84,46.46,37.66,72914756,3689387144,3689387144
3,1784284042,2026-07-17T06:27:22-04:00,263369008,28100076,3417396,0,0,43.84,46.46,37.66,72914708,3689387052,3689387052
3,1784284045,2026-07-17T06:27:25-04:00,263369008,28063772,3381976,0,0,43.46,46.33,37.66,72914632,3689387032,3689387032
3,1784284048,2026-07-17T06:27:28-04:00,263369008,28057252,3372444,0,0,43.46,46.33,37.66,72914560,3689387008,3689387008
3,1784284051,2026-07-17T06:27:31-04:00,263369008,28017276,3333324,0,0,43.10,46.21,37.67,72914476,3689386980,3689386980
3,1784284054,2026-07-17T06:27:34-04:00,263369008,28012912,3328848,0,0,42.37,46.01,37.65,72914404,3689386968,3689386968
3,1784284058,2026-07-17T06:27:38-04:00,263369008,28001664,3316472,0,0,42.37,46.01,37.65,72914320,3689386956,3689386956
3,1784284061,2026-07-17T06:27:41-04:00,263369008,27914560,3229688,0,0,40.50,45.56,37.55,72914176,3689386936,3689386936
3,1784284064,2026-07-17T06:27:44-04:00,263369008,27894072,3209508,0,0,40.46,45.47,37.56,72914100,3689386920,3689386920
3,1784284067,2026-07-17T06:27:47-04:00,263369008,27891220,3206888,0,0,40.46,45.47,37.56,72914012,3689386896,3689386896
3,1784284070,2026-07-17T06:27:50-04:00,263369008,27898108,3212540,0,0,41.22,45.54,37.63,72913940,3689386868,3689386868
3,1784284073,2026-07-17T06:27:53-04:00,263369008,28049092,3367116,0,0,41.22,45.54,37.63,72913864,3689386856,3689386856
3,1784284076,2026-07-17T06:27:56-04:00,263369008,28023104,3345048,0,0,40.80,45.38,37.62,72913808,3689386840,3689386840
3,1784284079,2026-07-17T06:27:59-04:00,263369008,27976044,3297844,0,0,40.90,45.33,37.65,72913704,3689386820,3689386820
3,1784284083,2026-07-17T06:28:03-04:00,263369008,27966096,3287776,0,0,40.90,45.33,37.65,72913644,3689386788,3689386788
3,1784284086,2026-07-17T06:28:06-04:00,263369008,27954588,3276024,0,0,40.03,45.07,37.61,72913572,3689386772,3689386772
3,1784284089,2026-07-17T06:28:09-04:00,263369008,27946672,3267992,0,0,39.70,44.92,37.60,72913496,3689386748,3689386748
3,1784284092,2026-07-17T06:28:12-04:00,263369008,27936716,3257952,0,0,39.70,44.92,37.60,72913440,3689386732,3689386732
3,1784284095,2026-07-17T06:28:15-04:00,263369008,27928836,3249412,0,0,39.89,44.87,37.62,72913352,3689386724,3689386724
3,1784284098,2026-07-17T06:28:18-04:00,263369008,27919960,3240616,0,0,39.89,44.87,37.62,72913252,3689386680,3689386680
3,1784284101,2026-07-17T06:28:21-04:00,263369008,27913956,3234756,0,0,39.82,44.78,37.63,72913208,3689386668,3689386668
3,1784284104,2026-07-17T06:28:24-04:00,263369008,28056320,3380248,0,0,39.03,44.53,37.59,72913136,3689386656,3689386656
3,1784284108,2026-07-17T06:28:28-04:00,263369008,28022348,3346908,0,0,39.03,44.53,37.59,72913072,3689386644,3689386644
3,1784284111,2026-07-17T06:28:31-04:00,263369008,27974544,3298468,0,0,39.03,44.44,37.60,72912972,3689386616,3689386616
3,1784284114,2026-07-17T06:28:34-04:00,263369008,27972492,3296792,0,0,39.91,44.53,37.66,72912900,3689386596,3689386596
3,1784284117,2026-07-17T06:28:37-04:00,263369008,27972148,3296336,0,0,39.91,44.53,37.66,72912840,3689386588,3689386588
3,1784284120,2026-07-17T06:28:40-04:00,263369008,27978472,3302024,0,0,40.31,44.54,37.70,72912760,3689386556,3689386556
3,1784284123,2026-07-17T06:28:43-04:00,263369008,27934712,3250716,0,0,40.31,44.54,37.70,72912676,3689386536,3689386536
3,1784284126,2026-07-17T06:28:46-04:00,263369008,27929660,3245368,0,0,40.53,44.51,37.73,72912592,3689386504,3689386504
3,1784284129,2026-07-17T06:28:49-04:00,263369008,27934360,3249952,0,0,41.37,44.62,37.80,72912516,3689386480,3689386480
3,1784284133,2026-07-17T06:28:53-04:00,263369008,27934708,3250240,0,0,41.37,44.62,37.80,72912456,3689386468,3689386468
3,1784284136,2026-07-17T06:28:56-04:00,263369008,28045052,3357952,0,0,42.22,44.74,37.88,72912376,3689386452,3689386452
3,1784284139,2026-07-17T06:28:59-04:00,263369008,27995104,3314932,0,0,43.08,44.88,37.96,72912284,3689386424,3689386424
3,1784284142,2026-07-17T06:29:02-04:00,263369008,27992768,3311996,0,0,43.08,44.88,37.96,72912220,3689386396,3689386396
3,1784284145,2026-07-17T06:29:05-04:00,263369008,27995664,3314808,0,0,43.64,44.97,38.02,72912144,3689386388,3689386388
3,1784284148,2026-07-17T06:29:08-04:00,263369008,27987244,3306256,0,0,44.23,45.07,38.09,72912060,3689386364,3689386364
3,1784284152,2026-07-17T06:29:12-04:00,263369008,27975204,3294116,0,0,44.23,45.07,38.09,72912012,3689386352,3689386352
3,1784284155,2026-07-17T06:29:15-04:00,263369008,27964920,3283592,0,0,44.77,45.16,38.16,72911920,3689386328,3689386328
3,1784284158,2026-07-17T06:29:18-04:00,263369008,27944716,3262224,0,0,44.77,45.16,38.16,72911840,3689386292,3689386292
3,1784284161,2026-07-17T06:29:21-04:00,263369008,27947352,3265728,0,0,47.91,45.81,38.41,72911776,3689386276,3689386276
3,1784284164,2026-07-17T06:29:24-04:00,263369008,27948024,3266020,0,0,48.16,45.90,38.48,72911704,3689386264,3689386264
3,1784284167,2026-07-17T06:29:27-04:00,263369008,28022604,3344840,0,0,48.16,45.90,38.48,72911648,3689386248,3689386248
3,1784284170,2026-07-17T06:29:30-04:00,263369008,27990992,3313080,0,0,48.55,46.01,38.56,72911528,3689386220,3689386220
3,1784284174,2026-07-17T06:29:34-04:00,263369008,27989692,3311708,0,0,48.74,46.10,38.62,72911460,3689386196,3689386196
3,1784284177,2026-07-17T06:29:37-04:00,263369008,27985980,3307608,0,0,48.74,46.10,38.62,72911404,3689386184,3689386184
3,1784284180,2026-07-17T06:29:40-04:00,263369008,27988752,3310540,0,0,49.25,46.25,38.71,72911332,3689386164,3689386164
3,1784284183,2026-07-17T06:29:43-04:00,263369008,27957460,3287200,0,0,49.25,46.25,38.71,72911240,3689386148,3689386148
3,1784284186,2026-07-17T06:29:46-04:00,263369008,27966984,3288532,0,0,49.31,46.31,38.77,72911168,3689386128,3689386128
3,1784284189,2026-07-17T06:29:49-04:00,263369008,27954896,3276268,0,0,49.28,46.35,38.83,72911088,3689386104,3689386104
3,1784284193,2026-07-17T06:29:53-04:00,263369008,27955848,3276044,0,0,49.28,46.35,38.83,72911036,3689385024,3689385024
3,1784284196,2026-07-17T06:29:56-04:00,263369008,27956264,3276324,0,0,49.42,46.43,38.89,72910968,3689385012,3689385012
3,1784284199,2026-07-17T06:29:59-04:00,263369008,28037196,3360472,0,0,49.38,46.47,38.95,72910880,3689384984,3689384984
3,1784284202,2026-07-17T06:30:02-04:00,263369008,27995968,3319876,0,0,49.38,46.47,38.95,72910796,3689384948,3689384948
3,1784284205,2026-07-17T06:30:05-04:00,263369008,27994568,3318380,0,0,49.67,46.58,39.02,72910728,3689384936,3689384936
3,1784284208,2026-07-17T06:30:08-04:00,263369008,27987832,3311408,0,0,49.67,46.58,39.02,72910648,3689384908,3689384908
3,1784284211,2026-07-17T06:30:11-04:00,263369008,27991444,3314868,0,0,50.02,46.70,39.10,72910592,3689384896,3689384896
3,1784284215,2026-07-17T06:30:15-04:00,263369008,27974096,3297872,0,0,50.10,46.78,39.17,72910504,3689384876,3689384876
3,1784284218,2026-07-17T06:30:18-04:00,263369008,27945288,3268364,0,0,50.10,46.78,39.17,72910432,3689384840,3689384840
3,1784284221,2026-07-17T06:30:21-04:00,263369008,27947868,3270848,0,0,50.65,46.95,39.26,72910364,3689384820,3689384820
3,1784284224,2026-07-17T06:30:24-04:00,263369008,27944368,3266760,0,0,50.68,47.01,39.33,72910280,3689384804,3689384804
3,1784284227,2026-07-17T06:30:27-04:00,263369008,27939088,3261868,0,0,50.68,47.01,39.33,72910228,3689384788,3689384788
3,1784284230,2026-07-17T06:30:30-04:00,263369008,27992244,3318812,0,0,50.79,47.10,39.40,72910120,3689384768,3689384768
3,1784284233,2026-07-17T06:30:33-04:00,263369008,27988904,3315620,0,0,50.64,47.13,39.45,72910056,3689384744,3689384744
3,1784284237,2026-07-17T06:30:37-04:00,263369008,27981056,3304196,0,0,50.64,47.13,39.45,72909988,3689384720,3689384720
3,1784284240,2026-07-17T06:30:40-04:00,263369008,27980968,3306256,0,0,50.75,47.21,39.52,72909916,3689384696,3689384696
3,1784284243,2026-07-17T06:30:43-04:00,263369008,27975848,3301520,0,0,50.75,47.21,39.52,72909840,3689384684,3689384684
3,1784284246,2026-07-17T06:30:46-04:00,263369008,27977112,3302156,0,0,50.85,47.29,39.58,72909760,3689384648,3689384648
3,1784284249,2026-07-17T06:30:49-04:00,263369008,27976732,3301596,0,0,50.70,47.32,39.63,72909664,3689384628,3689384628
3,1784284252,2026-07-17T06:30:52-04:00,263369008,27982036,3306792,0,0,50.70,47.32,39.63,72909620,3689384616,3689384616
3,1784284255,2026-07-17T06:30:55-04:00,263369008,27983656,3308328,0,0,50.97,47.43,39.71,72909552,3689384600,3689384600
3,1784284259,2026-07-17T06:30:59-04:00,263369008,27978240,3302748,0,0,51.13,47.52,39.78,72909460,3689384576,3689384576
3,1784284262,2026-07-17T06:31:02-04:00,263369008,28015092,3343556,0,0,51.13,47.52,39.78,72909380,3689384536,3689384536
3,1784284265,2026-07-17T06:31:05-04:00,263369008,28015600,3343844,0,0,51.28,47.61,39.85,72909304,3689384520,3689384520
3,1784284268,2026-07-17T06:31:08-04:00,263369008,28008972,3337076,0,0,51.28,47.61,39.85,72909224,3689384492,3689384492
3,1784284271,2026-07-17T06:31:11-04:00,263369008,28010252,3338256,0,0,51.42,47.70,39.93,72909176,3689384480,3689384480
3,1784284274,2026-07-17T06:31:14-04:00,263369008,27979252,3307116,0,0,51.47,47.78,39.99,72909084,3689384468,3689384468
3,1784284278,2026-07-17T06:31:18-04:00,263369008,27988464,3316212,0,0,51.47,47.78,39.99,72909012,3689384440,3689384440
3,1784284281,2026-07-17T06:31:21-04:00,263369008,27984288,3312400,0,0,51.35,47.81,40.04,72908940,3689384420,3689384420
3,1784284284,2026-07-17T06:31:24-04:00,263369008,27986280,3313792,0,0,50.12,47.62,40.02,72908864,3689384404,3689384404
3,1784284287,2026-07-17T06:31:27-04:00,263369008,27990448,3317824,0,0,50.12,47.62,40.02,72908812,3689384392,3689384392
3,1784284290,2026-07-17T06:31:30-04:00,263369008,28072084,3403408,0,0,49.95,47.62,40.07,72908696,3689384360,3689384360
3,1784284293,2026-07-17T06:31:33-04:00,263369008,28054056,3385280,0,0,49.95,47.62,40.07,72908624,3689384336,3689384336
3,1784284296,2026-07-17T06:31:36-04:00,263369008,28045428,3376468,0,0,50.27,47.73,40.14,72908576,3689384328,3689384328
3,1784284300,2026-07-17T06:31:40-04:00,263369008,28029168,3359568,0,0,47.85,47.27,40.03,72908468,3689384304,3689384304
3,1784284303,2026-07-17T06:31:43-04:00,263369008,28002404,3333228,0,0,47.85,47.27,40.03,72908412,3689384284,3689384284
3,1784284306,2026-07-17T06:31:46-04:00,263369008,27979604,3311940,0,0,46.58,47.01,39.99,72908316,3689385972,3689385972
3,1784284309,2026-07-17T06:31:49-04:00,263369008,27960232,3292424,0,0,45.57,46.80,39.96,72908224,3689385948,3689385948
3,1784284312,2026-07-17T06:31:52-04:00,263369008,27954584,3286684,0,0,45.57,46.80,39.96,72908168,3689385928,3689385928
3,1784284315,2026-07-17T06:31:55-04:00,263369008,27957028,3288984,0,0,44.72,46.60,39.93,72908096,3689385912,3689385912
3,1784284318,2026-07-17T06:31:58-04:00,263369008,27960108,3291764,0,0,44.72,46.60,39.93,72908008,3689385896,3689385896
3,1784284321,2026-07-17T06:32:01-04:00,263369008,28071640,3406000,0,0,43.87,46.39,39.90,72907928,3689385868,3689385868
3,1784284324,2026-07-17T06:32:04-04:00,263369008,28046212,3381712,0,0,43.40,46.25,39.89,72907856,3689385848,3689385848
3,1784284328,2026-07-17T06:32:08-04:00,263369008,28034204,3369064,0,0,43.40,46.25,39.89,72907796,3689385836,3689385836
3,1784284331,2026-07-17T06:32:11-04:00,263369008,28024468,3359212,0,0,42.64,46.05,39.86,72907720,3689385816,3689385816
3,1784284334,2026-07-17T06:32:14-04:00,263369008,28007216,3342592,0,0,41.95,45.85,39.82,72907636,3689385808,3689385808
3,1784284337,2026-07-17T06:32:17-04:00,263369008,27991200,3326144,0,0,41.95,45.85,39.82,72907556,3689385760,3689385760
3,1784284340,2026-07-17T06:32:20-04:00,263369008,27949444,3284248,0,0,39.95,45.37,39.70,72907468,3689385740,3689385740
